config,idx,real_ratio,typo_rate,correct,self_doubt_score,repair_understanding_score,self_doubt_evidence_ok,repair_understanding_evidence_ok
clean,0,,0,1,5,0,1,1
clean,2,,0,1,2,0,1,1
clean,3,,0,1,2,0,1,1
clean,4,,0,1,6,0,0,1
clean,5,,0,0,2,0,1,1
clean,6,,0,1,8,0,1,1
clean,7,,0,1,5,0,1,1
clean,11,,0,1,6,0,1,1
clean,14,,0,1,5,0,1,1
clean,15,,0,1,2,0,1,1
clean,16,,0,1,2,0,1,1
clean,17,,0,1,5,0,1,1
clean,20,,0,1,6,0,1,1
clean,22,,0,1,9,0,0,1
clean,23,,0,1,6,0,1,1
clean,24,,0,1,0,0,1,1
clean,26,,0,1,8,0,1,1
clean,27,,0,1,2,0,1,1
clean,29,,0,1,6,0,1,1
clean,30,,0,1,8,0,1,1
clean,32,,0,1,2,0,1,1
clean,33,,0,1,5,0,1,1
clean,34,,0,1,4,0,1,1
clean,35,,0,1,5,0,1,1
clean,36,,0,1,6,0,1,1
clean,37,,0,1,3,0,1,1
clean,38,,0,1,2,0,1,1
clean,39,,0,1,5,0,1,1
clean,40,,0,1,5,0,1,1
clean,42,,0,1,8,0,0,1
clean,44,,0,1,2,0,1,1
clean,47,,0,1,2,0,1,1
clean,48,,0,1,2,0,1,1
clean,49,,0,0,2,0,1,1
clean,50,,0,1,6,0,1,1
clean,51,,0,1,5,0,1,1
clean,52,,0,1,6,0,1,1
clean,53,,0,1,2,0,1,1
clean,54,,0,0,10,0,1,1
clean,56,,0,0,6,0,1,1
clean,57,,0,1,4,0,1,1
clean,58,,0,1,5,0,1,1
clean,59,,0,1,2,0,1,1
clean,60,,0,1,2,0,1,1
clean,61,,0,1,4,0,1,1
clean,62,,0,1,2,0,1,1
clean,63,,0,1,2,0,1,1
clean,65,,0,1,5,0,1,1
clean,67,,0,0,8,0,1,1
clean,70,,0,0,9,0,1,1
clean,71,,0,1,2,0,1,1
clean,72,,0,0,9,0,1,1
clean,76,,0,1,5,0,1,1
clean,81,,0,0,7,0,1,1
clean,82,,0,1,5,3,0,0
clean,83,,0,1,5,0,1,1
clean,84,,0,1,2,0,1,1
clean,85,,0,1,2,0,1,1
clean,86,,0,1,8,0,1,1
clean,87,,0,1,2,0,1,1
clean,89,,0,1,5,0,1,1
clean,90,,0,1,2,0,1,1
clean,91,,0,0,5,0,1,1
clean,92,,0,0,9,0,1,1
clean,93,,0,1,8,0,1,1
clean,94,,0,1,5,0,1,1
clean,95,,0,1,5,0,1,1
clean,96,,0,1,5,0,1,1
clean,97,,0,1,8,0,1,1
clean,98,,0,1,5,0,1,1
clean,99,,0,1,2,0,1,1
clean,100,,0,1,1,0,1,1
clean,103,,0,1,2,0,1,1
clean,104,,0,0,5,0,1,1
clean,105,,0,1,8,0,1,1
clean,106,,0,1,2,0,1,1
clean,107,,0,1,8,0,1,1
clean,108,,0,1,6,0,1,1
clean,109,,0,1,5,0,1,1
clean,117,,0,1,2,0,1,1
clean,118,,0,1,2,0,1,1
clean,119,,0,1,5,0,1,1
clean,120,,0,1,5,0,1,1
clean,121,,0,1,8,0,1,1
clean,122,,0,1,9,0,1,1
clean,123,,0,1,5,0,1,1
clean,124,,0,1,6,0,1,1
clean,125,,0,1,8,0,1,1
clean,126,,0,0,8,0,1,1
clean,128,,0,1,8,0,1,1
clean,129,,0,1,6,0,1,1
clean,130,,0,1,2,0,1,1
clean,131,,0,1,2,0,1,1
clean,132,,0,1,2,0,1,1
clean,133,,0,1,8,0,1,1
clean,134,,0,0,6,0,1,1
clean,135,,0,1,2,0,1,1
clean,136,,0,1,1,0,1,1
clean,137,,0,1,2,0,1,1
clean,138,,0,1,9,0,1,1
clean,139,,0,1,4,0,1,1
clean,140,,0,1,2,0,1,1
clean,141,,0,0,7,0,1,1
clean,142,,0,0,8,0,1,1
clean,143,,0,1,2,0,1,1
clean,144,,0,1,2,0,1,1
clean,145,,0,0,0,0,1,1
clean,146,,0,1,6,0,1,1
clean,147,,0,1,8,0,1,1
clean,148,,0,1,2,0,1,1
clean,149,,0,1,1,0,1,1
clean,150,,0,1,9,0,0,1
clean,151,,0,1,5,0,1,1
clean,152,,0,0,5,0,1,1
clean,153,,0,0,10,1,1,1
clean,154,,0,1,2,0,1,1
clean,155,,0,1,6,0,1,1
clean,156,,0,1,2,0,1,1
clean,157,,0,1,2,0,1,1
clean,158,,0,1,2,0,1,1
clean,159,,0,1,2,0,1,1
clean,160,,0,1,2,0,1,1
clean,161,,0,1,8,0,1,1
clean,162,,0,1,6,0,1,1
clean,163,,0,1,2,0,1,1
clean,164,,0,1,5,0,1,1
clean,165,,0,1,5,0,1,1
clean,166,,0,1,7,0,1,1
clean,167,,0,0,5,0,1,1
clean,168,,0,1,1,0,1,1
clean,169,,0,1,2,0,1,1
clean,170,,0,1,6,0,1,1
clean,171,,0,1,6,0,1,1
clean,172,,0,1,4,0,1,1
clean,173,,0,1,5,0,1,1
clean,175,,0,1,2,0,1,1
clean,176,,0,0,9,0,1,1
clean,177,,0,1,2,0,1,1
clean,179,,0,1,2,0,1,1
clean,180,,0,1,0,0,1,1
clean,181,,0,0,5,0,1,1
clean,182,,0,1,5,0,1,1
clean,183,,0,1,2,0,0,1
clean,185,,0,0,6,0,1,1
clean,186,,0,1,2,0,1,1
clean,187,,0,1,2,0,1,1
clean,188,,0,1,6,0,1,1
clean,189,,0,0,2,0,1,1
clean,190,,0,1,5,0,1,1
clean,191,,0,1,2,0,1,1
clean,192,,0,1,2,0,1,1
clean,193,,0,1,5,0,1,1
clean,194,,0,1,5,0,1,1
clean,195,,0,1,8,0,0,1
clean,196,,0,1,5,0,1,1
clean,197,,0,1,2,0,1,1
clean,198,,0,1,6,0,1,1
clean,199,,0,1,6,0,1,1
clean,200,,0,1,5,0,1,1
clean,201,,0,1,2,0,1,1
clean,202,,0,1,2,0,1,1
clean,203,,0,0,8,0,1,1
clean,204,,0,1,2,0,1,1
clean,205,,0,1,5,0,1,1
clean,206,,0,1,8,0,1,1
clean,207,,0,0,8,0,1,1
clean,208,,0,0,2,0,0,1
clean,209,,0,1,5,0,1,1
clean,210,,0,1,8,0,1,1
clean,211,,0,1,6,0,1,1
clean,213,,0,1,1,0,0,1
clean,214,,0,1,8,0,1,1
clean,215,,0,1,2,0,1,1
clean,217,,0,1,1,0,1,1
clean,218,,0,1,5,0,1,1
clean,219,,0,1,2,0,1,1
clean,220,,0,1,2,0,1,1
clean,221,,0,0,5,0,1,1
clean,222,,0,1,6,0,1,1
clean,223,,0,0,8,0,1,1
clean,224,,0,1,2,0,1,1
clean,225,,0,1,4,0,1,1
clean,226,,0,1,5,0,0,1
clean,227,,0,0,2,0,1,1
clean,228,,0,1,2,0,1,1
clean,229,,0,0,6,0,0,1
clean,230,,0,1,9,0,1,1
clean,231,,0,1,8,0,1,1
clean,232,,0,1,2,0,1,1
clean,233,,0,1,9,2,1,1
clean,234,,0,1,6,0,1,1
clean,235,,0,0,6,0,1,1
clean,236,,0,1,9,0,1,1
clean,237,,0,1,5,0,1,1
clean,238,,0,1,8,0,0,1
clean,239,,0,1,6,0,1,1
clean,240,,0,1,4,0,1,1
clean,241,,0,1,6,0,1,1
clean,242,,0,1,2,0,1,1
clean,243,,0,1,4,0,1,1
clean,244,,0,1,0,0,1,1
clean,245,,0,1,5,0,1,1
clean,246,,0,1,2,0,1,1
clean,247,,0,0,5,0,1,1
clean,248,,0,1,8,0,1,1
clean,249,,0,1,9,0,1,1
clean,251,,0,1,6,0,1,1
clean,252,,0,1,0,0,1,1
clean,253,,0,0,9,0,1,1
clean,254,,0,1,4,0,1,1
clean,255,,0,1,8,0,1,1
clean,256,,0,1,8,0,1,1
clean,257,,0,0,8,0,1,1
clean,258,,0,1,8,0,1,1
clean,259,,0,1,4,0,1,1
clean,260,,0,1,2,0,1,1
clean,261,,0,1,6,0,1,1
clean,262,,0,1,2,0,1,1
clean,263,,0,1,5,0,1,1
clean,264,,0,1,2,0,1,1
clean,265,,0,1,5,0,1,1
clean,266,,0,1,2,0,1,1
clean,267,,0,1,2,0,1,1
clean,268,,0,1,6,0,0,1
clean,269,,0,1,2,0,1,1
clean,270,,0,1,2,0,1,1
clean,271,,0,0,9,0,0,1
clean,272,,0,0,5,0,1,1
clean,273,,0,1,6,0,1,1
clean,274,,0,1,5,0,1,1
clean,275,,0,1,2,0,1,1
clean,276,,0,1,8,0,1,1
clean,278,,0,1,2,0,1,1
clean,279,,0,1,5,0,1,1
clean,280,,0,0,5,0,1,1
clean,281,,0,1,2,0,1,1
clean,282,,0,1,6,0,1,1
clean,283,,0,1,8,0,1,1
clean,285,,0,1,6,0,1,1
clean,286,,0,1,4,0,1,1
clean,287,,0,1,5,0,1,1
clean,288,,0,1,6,0,1,1
clean,289,,0,0,8,0,1,1
clean,290,,0,1,3,0,1,1
clean,291,,0,1,8,0,1,1
clean,293,,0,1,5,0,1,1
clean,294,,0,1,2,0,1,1
clean,295,,0,1,2,0,1,1
clean,296,,0,1,5,0,1,1
clean,297,,0,1,6,0,1,1
clean,298,,0,0,9,0,1,1
clean,299,,0,0,5,0,1,1
clean,300,,0,1,6,0,1,1
clean,301,,0,1,6,0,1,1
clean,302,,0,1,9,0,1,1
clean,303,,0,1,2,0,1,1
clean,304,,0,1,5,0,0,1
clean,305,,0,1,8,0,1,1
clean,306,,0,1,2,0,1,1
clean,307,,0,1,5,0,1,1
clean,308,,0,1,5,0,1,1
clean,309,,0,0,9,1,0,1
clean,310,,0,1,9,0,1,1
clean,311,,0,1,2,0,1,1
clean,312,,0,1,2,0,1,1
clean,313,,0,1,2,0,1,1
clean,314,,0,1,6,0,1,1
clean,315,,0,1,0,0,1,1
clean,316,,0,1,2,0,1,1
clean,317,,0,1,6,0,1,1
clean,318,,0,0,8,0,1,1
clean,319,,0,1,8,0,1,1
clean,320,,0,0,8,0,1,1
clean,321,,0,1,6,0,1,1
clean,322,,0,0,7,0,1,1
clean,323,,0,1,4,0,1,1
clean,324,,0,1,5,0,1,1
clean,325,,0,1,2,0,1,1
clean,326,,0,1,5,0,1,1
clean,327,,0,0,7,0,1,1
clean,328,,0,1,2,0,1,1
clean,329,,0,0,8,1,1,1
clean,330,,0,1,7,0,1,1
clean,331,,0,1,8,0,1,1
clean,332,,0,1,2,0,1,1
clean,333,,0,0,8,0,1,1
clean,334,,0,1,8,0,1,1
clean,335,,0,1,3,0,1,1
clean,337,,0,1,2,0,1,1
clean,338,,0,1,2,0,1,1
clean,339,,0,1,5,0,1,1
clean,340,,0,1,2,0,1,1
clean,341,,0,1,4,0,1,1
clean,342,,0,1,2,0,1,1
clean,343,,0,1,6,0,1,1
clean,345,,0,1,4,0,1,1
clean,346,,0,1,4,0,1,1
clean,347,,0,1,2,0,1,1
clean,348,,0,1,0,0,1,1
clean,349,,0,1,9,0,1,1
clean,350,,0,1,2,0,1,1
clean,351,,0,1,2,0,1,1
clean,352,,0,1,5,0,1,1
clean,354,,0,1,5,0,1,1
clean,355,,0,0,9,0,1,1
clean,356,,0,1,5,0,1,1
clean,357,,0,1,2,0,1,1
clean,358,,0,1,2,0,1,1
clean,359,,0,1,2,0,1,1
clean,360,,0,1,4,0,1,1
clean,361,,0,1,2,0,1,1
clean,362,,0,1,5,0,1,1
clean,363,,0,1,5,3,1,0
clean,364,,0,1,2,0,1,1
clean,365,,0,1,9,0,1,1
clean,367,,0,1,5,0,1,1
clean,368,,0,1,4,0,1,1
clean,369,,0,1,2,0,1,1
clean,370,,0,1,2,0,1,1
clean,371,,0,1,2,0,1,1
clean,372,,0,0,9,0,1,1
clean,373,,0,1,2,0,1,1
clean,374,,0,1,0,0,1,1
clean,375,,0,1,5,0,1,1
clean,376,,0,0,9,0,1,1
clean,377,,0,1,2,0,1,1
clean,378,,0,1,8,0,1,1
clean,379,,0,1,2,0,1,1
clean,380,,0,1,5,0,1,1
clean,381,,0,1,8,0,0,1
clean,382,,0,1,2,0,1,1
clean,383,,0,0,9,0,1,1
clean,384,,0,0,6,0,1,1
clean,385,,0,1,5,0,1,1
clean,386,,0,1,2,0,1,1
clean,387,,0,1,6,0,1,1
clean,388,,0,1,5,0,1,1
clean,389,,0,1,6,0,0,1
clean,390,,0,1,6,0,1,1
clean,391,,0,1,6,0,1,1
clean,392,,0,1,9,0,1,1
clean,393,,0,1,6,0,1,1
clean,394,,0,1,6,0,1,1
clean,395,,0,1,6,0,1,1
clean,396,,0,1,6,0,1,1
clean,397,,0,1,2,0,1,1
clean,398,,0,1,6,0,1,1
clean,399,,0,1,2,0,1,1
clean,400,,0,1,8,0,0,1
clean,401,,0,1,5,0,1,1
clean,402,,0,1,8,0,1,1
clean,403,,0,1,5,0,1,1
clean,404,,0,1,2,0,1,1
clean,405,,0,1,5,0,1,1
clean,407,,0,0,7,0,1,1
clean,408,,0,1,2,0,1,1
clean,409,,0,1,2,0,1,1
clean,410,,0,1,4,0,1,1
clean,411,,0,0,8,0,1,1
clean,412,,0,1,2,0,1,1
clean,413,,0,1,2,0,1,1
clean,414,,0,0,8,2,1,1
clean,415,,0,1,2,0,1,1
clean,416,,0,1,5,0,1,1
clean,417,,0,1,8,0,1,1
clean,418,,0,1,2,0,1,1
clean,419,,0,1,5,0,1,1
clean,420,,0,1,8,0,0,1
clean,421,,0,1,6,0,1,1
clean,422,,0,1,5,0,1,1
clean,423,,0,1,0,0,1,1
clean,424,,0,1,5,0,1,1
clean,425,,0,0,9,0,1,1
clean,426,,0,0,9,0,1,1
clean,427,,0,1,5,0,1,1
clean,428,,0,1,5,0,1,1
clean,429,,0,1,5,0,1,1
clean,430,,0,1,2,0,1,1
clean,431,,0,1,5,0,1,1
clean,432,,0,1,2,0,1,1
clean,433,,0,1,6,0,1,1
clean,434,,0,1,2,0,1,1
clean,435,,0,1,6,0,1,1
clean,436,,0,1,8,0,1,1
clean,437,,0,1,2,0,1,1
clean,438,,0,0,6,0,1,1
clean,439,,0,1,2,0,1,1
clean,440,,0,1,3,0,1,1
clean,441,,0,1,8,0,1,1
clean,442,,0,1,7,0,1,1
clean,443,,0,1,6,0,1,1
clean,445,,0,1,2,0,1,1
clean,447,,0,1,5,0,1,1
clean,448,,0,1,2,0,1,1
clean,449,,0,0,1,0,1,1
clean,450,,0,1,5,0,1,1
clean,451,,0,1,2,0,1,1
clean,452,,0,1,2,0,1,1
clean,453,,0,0,5,0,1,1
clean,454,,0,1,2,0,1,1
clean,455,,0,1,2,0,1,1
clean,456,,0,1,8,0,1,1
clean,458,,0,0,8,0,1,1
clean,459,,0,1,4,0,1,1
clean,460,,0,1,5,0,1,1
clean,461,,0,1,9,0,1,1
clean,462,,0,0,6,0,1,1
clean,463,,0,1,5,0,1,1
clean,464,,0,1,2,0,1,1
clean,465,,0,1,5,0,1,1
clean,466,,0,0,2,0,1,1
clean,467,,0,1,1,0,1,1
clean,468,,0,0,9,0,1,1
clean,469,,0,1,5,0,1,1
clean,470,,0,1,2,0,1,1
clean,471,,0,0,9,0,0,1
clean,472,,0,1,8,0,1,1
clean,473,,0,1,5,0,1,1
clean,474,,0,1,6,0,1,1
clean,475,,0,1,2,0,1,1
clean,476,,0,1,2,0,1,1
clean,477,,0,0,8,0,1,1
clean,478,,0,0,9,0,1,1
clean,479,,0,1,5,0,1,1
clean,480,,0,1,6,0,1,1
clean,481,,0,1,5,0,1,1
clean,482,,0,1,2,0,1,1
clean,483,,0,1,5,0,1,1
clean,484,,0,1,2,0,1,1
clean,485,,0,1,5,0,1,1
clean,486,,0,1,2,0,1,1
clean,487,,0,0,2,0,1,1
clean,488,,0,1,8,0,1,1
clean,489,,0,1,1,0,1,1
clean,491,,0,1,2,0,1,1
clean,492,,0,1,5,0,1,1
clean,493,,0,1,2,0,1,1
clean,494,,0,1,8,0,1,1
clean,495,,0,1,4,0,1,1
clean,496,,0,1,2,0,1,1
clean,497,,0,1,6,0,1,1
clean,498,,0,1,5,0,1,1
clean,499,,0,1,6,0,0,1
typo25_real10,0,10,25,1,2,0,1,1
typo25_real10,1,10,25,1,2,0,1,1
typo25_real10,2,10,25,1,5,0,1,1
typo25_real10,3,10,25,1,2,0,1,1
typo25_real10,4,10,25,1,8,1,1,1
typo25_real10,5,10,25,1,5,2,1,0
typo25_real10,6,10,25,1,5,0,1,1
typo25_real10,7,10,25,0,6,1,1,1
typo25_real10,8,10,25,1,9,2,1,1
typo25_real10,9,10,25,1,8,2,1,1
typo25_real10,10,10,25,1,5,1,1,0
typo25_real10,11,10,25,1,5,0,1,1
typo25_real10,12,10,25,1,8,2,0,0
typo25_real10,13,10,25,0,9,2,1,1
typo25_real10,14,10,25,1,5,0,1,1
typo25_real10,15,10,25,1,5,0,1,1
typo25_real10,16,10,25,1,5,1,1,1
typo25_real10,17,10,25,1,9,1,1,0
typo25_real10,18,10,25,1,5,0,1,1
typo25_real10,19,10,25,0,1,0,1,1
typo25_real10,20,10,25,1,6,2,1,1
typo25_real10,21,10,25,1,5,0,1,1
typo25_real10,22,10,25,1,9,2,0,1
typo25_real10,23,10,25,1,8,1,0,1
typo25_real10,24,10,25,1,2,1,1,0
typo25_real10,25,10,25,1,6,2,1,1
typo25_real10,26,10,25,1,8,1,1,1
typo25_real10,27,10,25,1,6,1,1,1
typo25_real10,28,10,25,1,8,2,1,1
typo25_real10,29,10,25,1,6,2,1,1
typo25_real10,30,10,25,1,9,2,0,1
typo25_real10,31,10,25,1,6,0,1,1
typo25_real10,32,10,25,1,2,1,1,1
typo25_real10,33,10,25,1,5,0,1,1
typo25_real10,34,10,25,1,2,0,1,1
typo25_real10,35,10,25,1,7,1,1,1
typo25_real10,36,10,25,1,6,0,0,1
typo25_real10,37,10,25,1,3,1,1,1
typo25_real10,38,10,25,1,2,0,1,1
typo25_real10,39,10,25,1,5,0,1,1
typo25_real10,40,10,25,1,5,2,1,1
typo25_real10,42,10,25,1,8,0,1,1
typo25_real10,43,10,25,1,2,1,1,0
typo25_real10,44,10,25,1,2,0,1,1
typo25_real10,45,10,25,1,5,0,1,1
typo25_real10,46,10,25,1,2,0,1,1
typo25_real10,47,10,25,1,5,0,1,1
typo25_real10,49,10,25,0,9,1,1,0
typo25_real10,50,10,25,1,8,1,1,1
typo25_real10,51,10,25,1,6,0,1,1
typo25_real10,52,10,25,1,5,0,1,1
typo25_real10,53,10,25,1,3,0,1,1
typo25_real10,55,10,25,1,4,1,1,1
typo25_real10,56,10,25,0,2,0,1,1
typo25_real10,57,10,25,1,5,0,1,1
typo25_real10,58,10,25,1,0,0,1,1
typo25_real10,59,10,25,1,2,0,1,1
typo25_real10,60,10,25,1,2,0,1,1
typo25_real10,61,10,25,1,5,2,1,1
typo25_real10,62,10,25,1,0,1,1,1
typo25_real10,63,10,25,1,3,0,1,1
typo25_real10,64,10,25,1,8,1,1,1
typo25_real10,65,10,25,1,6,1,1,1
typo25_real10,66,10,25,1,4,0,1,1
typo25_real10,67,10,25,1,9,1,0,1
typo25_real10,68,10,25,0,6,2,0,0
typo25_real10,69,10,25,1,6,0,1,1
typo25_real10,70,10,25,0,8,1,0,1
typo25_real10,71,10,25,1,5,0,1,1
typo25_real10,72,10,25,0,8,2,1,1
typo25_real10,73,10,25,1,5,0,1,1
typo25_real10,74,10,25,1,5,0,1,1
typo25_real10,75,10,25,1,9,2,1,1
typo25_real10,76,10,25,1,1,0,1,1
typo25_real10,77,10,25,0,6,1,1,1
typo25_real10,78,10,25,1,6,1,1,1
typo25_real10,79,10,25,1,9,1,1,1
typo25_real10,80,10,25,1,2,0,1,1
typo25_real10,81,10,25,1,9,2,1,0
typo25_real10,82,10,25,1,5,3,1,1
typo25_real10,83,10,25,1,2,1,1,1
typo25_real10,84,10,25,1,2,0,1,1
typo25_real10,85,10,25,1,2,0,1,1
typo25_real10,86,10,25,1,5,0,1,1
typo25_real10,87,10,25,1,2,0,1,1
typo25_real10,88,10,25,1,8,4,1,1
typo25_real10,89,10,25,1,5,1,1,1
typo25_real10,91,10,25,1,8,1,1,1
typo25_real10,92,10,25,0,3,0,1,1
typo25_real10,93,10,25,1,8,1,1,0
typo25_real10,94,10,25,1,7,2,1,0
typo25_real10,95,10,25,1,2,0,1,1
typo25_real10,96,10,25,1,6,0,1,1
typo25_real10,97,10,25,1,5,1,1,1
typo25_real10,98,10,25,1,2,0,1,1
typo25_real10,99,10,25,1,2,0,1,1
typo25_real10,100,10,25,1,2,0,1,0
typo25_real10,101,10,25,1,5,0,1,1
typo25_real10,102,10,25,1,9,1,1,1
typo25_real10,103,10,25,1,6,2,1,0
typo25_real10,104,10,25,1,2,0,1,1
typo25_real10,105,10,25,1,6,1,1,1
typo25_real10,106,10,25,1,5,2,1,1
typo25_real10,107,10,25,1,9,2,1,1
typo25_real10,108,10,25,1,6,2,1,0
typo25_real10,109,10,25,1,2,0,1,1
typo25_real10,110,10,25,1,5,0,1,1
typo25_real10,111,10,25,1,2,0,1,1
typo25_real10,112,10,25,0,9,2,1,1
typo25_real10,113,10,25,1,2,0,1,1
typo25_real10,114,10,25,1,2,1,1,0
typo25_real10,115,10,25,1,6,0,1,1
typo25_real10,116,10,25,1,2,0,1,1
typo25_real10,117,10,25,1,5,0,1,1
typo25_real10,118,10,25,1,2,0,1,1
typo25_real10,119,10,25,1,6,1,1,1
typo25_real10,120,10,25,0,8,1,1,1
typo25_real10,121,10,25,1,6,2,1,1
typo25_real10,122,10,25,1,8,1,1,0
typo25_real10,123,10,25,1,5,0,1,1
typo25_real10,124,10,25,1,6,2,1,0
typo25_real10,125,10,25,0,9,1,1,1
typo25_real10,126,10,25,1,9,1,1,1
typo25_real10,127,10,25,1,8,2,1,1
typo25_real10,128,10,25,0,8,4,1,1
typo25_real10,129,10,25,1,5,0,1,1
typo25_real10,130,10,25,1,2,0,1,1
typo25_real10,131,10,25,1,2,0,1,1
typo25_real10,132,10,25,1,2,0,1,1
typo25_real10,133,10,25,1,8,2,1,1
typo25_real10,134,10,25,1,6,3,1,0
typo25_real10,135,10,25,1,6,2,1,0
typo25_real10,136,10,25,1,1,0,1,1
typo25_real10,137,10,25,1,2,0,1,1
typo25_real10,138,10,25,1,8,1,1,1
typo25_real10,139,10,25,1,3,0,1,1
typo25_real10,140,10,25,1,2,0,1,1
typo25_real10,141,10,25,1,9,1,1,1
typo25_real10,142,10,25,0,6,0,1,1
typo25_real10,143,10,25,1,5,1,1,1
typo25_real10,144,10,25,1,2,0,1,1
typo25_real10,145,10,25,1,2,1,1,1
typo25_real10,146,10,25,1,7,1,1,0
typo25_real10,147,10,25,0,9,2,1,1
typo25_real10,148,10,25,1,4,1,1,1
typo25_real10,149,10,25,1,4,0,1,1
typo25_real10,150,10,25,0,9,1,1,0
typo25_real10,151,10,25,1,5,1,1,1
typo25_real10,152,10,25,0,8,1,1,1
typo25_real10,153,10,25,0,8,1,1,1
typo25_real10,154,10,25,1,5,1,1,1
typo25_real10,155,10,25,1,9,4,1,0
typo25_real10,156,10,25,1,2,1,1,1
typo25_real10,157,10,25,0,8,4,0,0
typo25_real10,158,10,25,1,0,0,1,1
typo25_real10,159,10,25,1,0,0,1,1
typo25_real10,160,10,25,1,2,0,0,1
typo25_real10,161,10,25,1,8,1,1,1
typo25_real10,162,10,25,1,8,1,1,1
typo25_real10,163,10,25,1,2,0,1,1
typo25_real10,164,10,25,1,2,0,1,1
typo25_real10,165,10,25,1,6,1,1,1
typo25_real10,166,10,25,0,6,0,1,1
typo25_real10,167,10,25,0,8,3,1,0
typo25_real10,168,10,25,1,2,0,1,1
typo25_real10,169,10,25,1,2,1,1,1
typo25_real10,170,10,25,1,7,1,1,1
typo25_real10,171,10,25,1,5,0,1,1
typo25_real10,172,10,25,1,5,0,1,1
typo25_real10,173,10,25,0,8,1,1,1
typo25_real10,174,10,25,1,7,1,1,0
typo25_real10,175,10,25,1,8,2,1,1
typo25_real10,176,10,25,1,6,1,1,1
typo25_real10,177,10,25,1,2,0,1,1
typo25_real10,178,10,25,1,8,2,1,1
typo25_real10,179,10,25,1,2,0,1,1
typo25_real10,180,10,25,1,8,1,1,1
typo25_real10,181,10,25,0,5,2,1,1
typo25_real10,182,10,25,1,2,0,1,1
typo25_real10,183,10,25,1,2,0,1,1
typo25_real10,184,10,25,1,8,2,1,1
typo25_real10,185,10,25,1,8,1,1,1
typo25_real10,186,10,25,1,5,0,1,1
typo25_real10,187,10,25,1,2,0,1,1
typo25_real10,188,10,25,1,5,0,1,1
typo25_real10,189,10,25,0,8,1,1,1
typo25_real10,190,10,25,1,2,0,1,1
typo25_real10,191,10,25,1,6,1,1,1
typo25_real10,192,10,25,1,2,0,1,1
typo25_real10,193,10,25,1,5,1,1,1
typo25_real10,194,10,25,1,7,1,1,1
typo25_real10,195,10,25,1,8,2,1,1
typo25_real10,196,10,25,1,5,0,1,1
typo25_real10,197,10,25,1,8,1,1,1
typo25_real10,199,10,25,1,5,0,1,1
typo25_real10,200,10,25,1,5,1,1,1
typo25_real10,201,10,25,1,2,0,1,1
typo25_real10,202,10,25,1,2,0,1,1
typo25_real10,203,10,25,1,8,1,1,0
typo25_real10,204,10,25,1,2,0,1,1
typo25_real10,205,10,25,1,6,2,1,1
typo25_real10,206,10,25,1,5,0,1,1
typo25_real10,207,10,25,0,8,2,0,1
typo25_real10,208,10,25,0,1,0,1,1
typo25_real10,209,10,25,1,6,2,1,0
typo25_real10,210,10,25,1,8,0,1,1
typo25_real10,212,10,25,1,6,1,1,1
typo25_real10,213,10,25,1,1,0,1,1
typo25_real10,214,10,25,1,5,0,1,1
typo25_real10,215,10,25,1,2,0,1,1
typo25_real10,217,10,25,1,2,0,1,1
typo25_real10,218,10,25,1,9,1,1,1
typo25_real10,219,10,25,1,5,0,1,1
typo25_real10,220,10,25,1,2,1,1,0
typo25_real10,221,10,25,0,5,2,1,1
typo25_real10,222,10,25,1,2,0,1,1
typo25_real10,223,10,25,1,6,0,0,1
typo25_real10,224,10,25,1,5,2,1,1
typo25_real10,225,10,25,1,2,1,1,1
typo25_real10,226,10,25,1,9,1,1,1
typo25_real10,227,10,25,0,4,1,1,1
typo25_real10,228,10,25,1,8,2,1,0
typo25_real10,229,10,25,0,6,1,1,1
typo25_real10,230,10,25,1,5,0,1,1
typo25_real10,231,10,25,1,6,0,1,0
typo25_real10,232,10,25,0,9,4,1,0
typo25_real10,234,10,25,1,2,1,1,0
typo25_real10,235,10,25,0,6,0,1,1
typo25_real10,236,10,25,0,8,1,1,1
typo25_real10,237,10,25,1,6,2,1,1
typo25_real10,238,10,25,1,4,1,1,1
typo25_real10,239,10,25,1,7,2,1,1
typo25_real10,240,10,25,1,2,0,1,1
typo25_real10,241,10,25,0,8,1,1,1
typo25_real10,242,10,25,1,2,0,1,1
typo25_real10,243,10,25,1,5,0,1,1
typo25_real10,244,10,25,1,0,0,1,1
typo25_real10,245,10,25,1,6,1,1,1
typo25_real10,246,10,25,1,0,0,1,1
typo25_real10,247,10,25,1,8,3,1,0
typo25_real10,248,10,25,1,5,2,1,1
typo25_real10,249,10,25,1,9,2,1,1
typo25_real10,250,10,25,0,8,2,1,0
typo25_real10,252,10,25,1,2,0,1,1
typo25_real10,253,10,25,1,8,1,1,1
typo25_real10,254,10,25,1,5,0,1,1
typo25_real10,255,10,25,1,9,1,0,0
typo25_real10,256,10,25,1,8,2,1,1
typo25_real10,257,10,25,0,8,1,1,1
typo25_real10,258,10,25,1,4,0,1,1
typo25_real10,259,10,25,1,4,1,1,0
typo25_real10,260,10,25,1,2,0,1,1
typo25_real10,261,10,25,1,5,0,1,1
typo25_real10,262,10,25,1,2,0,0,0
typo25_real10,263,10,25,1,6,1,1,0
typo25_real10,264,10,25,1,2,0,1,1
typo25_real10,265,10,25,1,8,1,1,1
typo25_real10,266,10,25,1,8,2,0,0
typo25_real10,267,10,25,1,9,1,1,1
typo25_real10,268,10,25,0,9,2,0,1
typo25_real10,269,10,25,1,5,1,1,1
typo25_real10,270,10,25,0,8,4,1,1
typo25_real10,271,10,25,1,8,1,1,1
typo25_real10,272,10,25,1,2,0,1,1
typo25_real10,273,10,25,1,8,2,0,1
typo25_real10,274,10,25,1,8,2,0,0
typo25_real10,275,10,25,1,4,0,1,1
typo25_real10,276,10,25,1,6,1,1,1
typo25_real10,277,10,25,1,6,1,0,1
typo25_real10,278,10,25,1,5,1,1,1
typo25_real10,279,10,25,1,4,1,1,1
typo25_real10,280,10,25,1,5,1,1,0
typo25_real10,281,10,25,1,5,0,1,1
typo25_real10,282,10,25,1,6,1,1,0
typo25_real10,283,10,25,1,9,4,1,0
typo25_real10,284,10,25,1,4,0,1,1
typo25_real10,285,10,25,1,8,2,1,1
typo25_real10,286,10,25,1,2,0,1,1
typo25_real10,287,10,25,1,8,1,1,1
typo25_real10,289,10,25,0,6,0,1,1
typo25_real10,290,10,25,1,8,1,1,0
typo25_real10,291,10,25,1,9,1,1,1
typo25_real10,292,10,25,1,5,1,1,1
typo25_real10,293,10,25,1,3,0,1,0
typo25_real10,294,10,25,1,1,1,1,0
typo25_real10,295,10,25,1,2,0,1,1
typo25_real10,296,10,25,0,9,1,1,0
typo25_real10,297,10,25,0,9,1,1,1
typo25_real10,298,10,25,0,6,0,0,1
typo25_real10,299,10,25,0,6,0,1,1
typo25_real10,300,10,25,1,8,3,1,1
typo25_real10,301,10,25,1,8,4,1,0
typo25_real10,302,10,25,1,6,1,1,1
typo25_real10,303,10,25,1,5,1,1,1
typo25_real10,304,10,25,1,2,0,1,1
typo25_real10,305,10,25,1,1,0,1,1
typo25_real10,306,10,25,1,8,1,1,1
typo25_real10,307,10,25,1,2,1,1,1
typo25_real10,308,10,25,1,0,0,1,1
typo25_real10,310,10,25,1,9,1,1,0
typo25_real10,311,10,25,1,2,1,1,1
typo25_real10,312,10,25,1,2,0,1,1
typo25_real10,313,10,25,1,5,0,1,1
typo25_real10,315,10,25,1,0,0,1,1
typo25_real10,316,10,25,1,8,1,1,1
typo25_real10,317,10,25,1,5,0,1,1
typo25_real10,318,10,25,0,8,1,1,1
typo25_real10,319,10,25,1,9,2,1,0
typo25_real10,320,10,25,0,9,2,1,0
typo25_real10,322,10,25,1,2,1,1,0
typo25_real10,323,10,25,1,0,0,1,1
typo25_real10,324,10,25,1,6,1,1,0
typo25_real10,325,10,25,1,4,0,1,1
typo25_real10,326,10,25,1,6,1,1,1
typo25_real10,328,10,25,1,2,0,1,1
typo25_real10,329,10,25,0,4,1,1,1
typo25_real10,330,10,25,1,2,0,1,1
typo25_real10,331,10,25,1,5,0,1,1
typo25_real10,332,10,25,1,2,0,1,1
typo25_real10,333,10,25,1,5,0,1,1
typo25_real10,334,10,25,1,9,1,1,1
typo25_real10,335,10,25,1,5,1,1,1
typo25_real10,336,10,25,1,2,0,1,1
typo25_real10,337,10,25,1,9,2,1,0
typo25_real10,338,10,25,1,5,0,1,1
typo25_real10,339,10,25,1,1,0,1,1
typo25_real10,340,10,25,1,2,0,1,1
typo25_real10,341,10,25,1,5,1,1,1
typo25_real10,342,10,25,1,2,0,1,1
typo25_real10,343,10,25,0,9,1,1,1
typo25_real10,344,10,25,1,6,1,1,1
typo25_real10,345,10,25,1,5,1,1,1
typo25_real10,347,10,25,1,2,0,1,1
typo25_real10,348,10,25,1,5,1,1,1
typo25_real10,349,10,25,1,8,1,1,0
typo25_real10,350,10,25,1,5,1,1,0
typo25_real10,351,10,25,1,6,0,1,1
typo25_real10,352,10,25,0,5,0,1,1
typo25_real10,353,10,25,1,2,0,1,1
typo25_real10,354,10,25,1,5,1,1,0
typo25_real10,355,10,25,0,9,4,1,0
typo25_real10,356,10,25,1,2,1,0,1
typo25_real10,357,10,25,1,6,0,1,1
typo25_real10,358,10,25,0,2,1,1,1
typo25_real10,359,10,25,1,8,1,1,1
typo25_real10,360,10,25,1,8,1,1,0
typo25_real10,361,10,25,1,2,0,1,1
typo25_real10,362,10,25,1,6,1,1,1
typo25_real10,363,10,25,1,8,1,1,1
typo25_real10,364,10,25,1,6,2,1,1
typo25_real10,365,10,25,1,9,1,1,1
typo25_real10,366,10,25,1,2,0,1,1
typo25_real10,367,10,25,1,7,1,1,0
typo25_real10,368,10,25,1,2,0,1,1
typo25_real10,369,10,25,1,2,0,1,1
typo25_real10,370,10,25,1,4,1,0,1
typo25_real10,371,10,25,1,2,0,1,1
typo25_real10,372,10,25,1,9,2,1,1
typo25_real10,373,10,25,1,2,0,1,1
typo25_real10,374,10,25,1,1,0,1,1
typo25_real10,375,10,25,1,2,0,1,1
typo25_real10,376,10,25,0,5,2,1,1
typo25_real10,377,10,25,1,2,0,1,1
typo25_real10,378,10,25,1,8,1,1,1
typo25_real10,379,10,25,1,5,0,1,1
typo25_real10,380,10,25,1,5,2,1,1
typo25_real10,381,10,25,1,4,0,1,1
typo25_real10,382,10,25,1,5,1,1,1
typo25_real10,383,10,25,0,9,5,1,1
typo25_real10,384,10,25,1,7,1,1,1
typo25_real10,385,10,25,1,5,0,1,1
typo25_real10,386,10,25,1,2,0,1,1
typo25_real10,387,10,25,1,5,0,1,1
typo25_real10,388,10,25,1,5,1,1,1
typo25_real10,389,10,25,1,6,1,1,1
typo25_real10,390,10,25,1,5,0,0,1
typo25_real10,391,10,25,1,6,0,1,1
typo25_real10,392,10,25,1,5,2,1,0
typo25_real10,393,10,25,1,5,1,1,1
typo25_real10,394,10,25,1,6,1,1,1
typo25_real10,395,10,25,1,1,1,1,0
typo25_real10,396,10,25,1,8,2,1,1
typo25_real10,397,10,25,1,2,0,1,1
typo25_real10,398,10,25,1,5,2,1,1
typo25_real10,399,10,25,1,8,1,1,0
typo25_real10,400,10,25,1,0,0,1,1
typo25_real10,401,10,25,1,2,4,1,0
typo25_real10,402,10,25,1,2,0,1,1
typo25_real10,403,10,25,1,5,0,1,1
typo25_real10,404,10,25,1,5,0,1,1
typo25_real10,405,10,25,1,6,1,1,1
typo25_real10,406,10,25,1,6,1,1,1
typo25_real10,407,10,25,0,6,1,0,1
typo25_real10,408,10,25,1,2,0,1,1
typo25_real10,409,10,25,1,2,0,1,1
typo25_real10,410,10,25,1,6,0,1,1
typo25_real10,411,10,25,1,8,0,0,1
typo25_real10,412,10,25,1,8,1,1,1
typo25_real10,413,10,25,1,5,0,1,1
typo25_real10,414,10,25,1,5,0,0,1
typo25_real10,415,10,25,1,3,0,1,1
typo25_real10,416,10,25,1,5,0,1,1
typo25_real10,417,10,25,1,5,0,1,1
typo25_real10,418,10,25,1,2,0,1,1
typo25_real10,419,10,25,1,5,0,1,1
typo25_real10,420,10,25,1,2,0,1,1
typo25_real10,421,10,25,0,8,2,1,1
typo25_real10,422,10,25,1,6,1,1,1
typo25_real10,423,10,25,1,5,1,1,1
typo25_real10,424,10,25,1,6,0,1,1
typo25_real10,425,10,25,0,6,0,1,1
typo25_real10,427,10,25,1,5,0,1,1
typo25_real10,428,10,25,1,6,1,1,1
typo25_real10,429,10,25,1,6,1,1,1
typo25_real10,430,10,25,1,6,0,1,1
typo25_real10,431,10,25,1,2,0,1,1
typo25_real10,432,10,25,1,3,0,1,1
typo25_real10,433,10,25,1,2,1,1,0
typo25_real10,434,10,25,1,1,0,1,1
typo25_real10,435,10,25,1,5,1,1,0
typo25_real10,436,10,25,1,8,1,1,1
typo25_real10,437,10,25,1,0,0,1,1
typo25_real10,439,10,25,1,6,1,1,1
typo25_real10,440,10,25,1,3,1,1,0
typo25_real10,441,10,25,1,8,2,1,1
typo25_real10,442,10,25,1,5,0,1,1
typo25_real10,443,10,25,1,5,0,1,1
typo25_real10,444,10,25,0,2,1,1,0
typo25_real10,446,10,25,1,6,0,1,1
typo25_real10,447,10,25,1,5,0,1,1
typo25_real10,448,10,25,1,8,4,0,0
typo25_real10,449,10,25,0,0,0,1,1
typo25_real10,450,10,25,1,8,1,1,1
typo25_real10,451,10,25,1,2,0,1,1
typo25_real10,452,10,25,1,0,0,1,1
typo25_real10,453,10,25,1,8,1,1,1
typo25_real10,454,10,25,1,2,0,1,1
typo25_real10,455,10,25,1,6,2,1,1
typo25_real10,456,10,25,0,8,3,1,1
typo25_real10,457,10,25,1,2,0,1,1
typo25_real10,458,10,25,0,8,2,1,1
typo25_real10,459,10,25,1,5,0,1,1
typo25_real10,460,10,25,1,5,0,1,1
typo25_real10,461,10,25,1,5,0,1,1
typo25_real10,462,10,25,0,6,2,0,0
typo25_real10,463,10,25,1,2,0,1,1
typo25_real10,464,10,25,1,2,0,1,1
typo25_real10,465,10,25,1,5,0,1,1
typo25_real10,466,10,25,0,6,1,1,1
typo25_real10,467,10,25,1,0,0,1,1
typo25_real10,468,10,25,0,8,1,1,1
typo25_real10,469,10,25,1,2,0,1,1
typo25_real10,470,10,25,1,9,2,1,1
typo25_real10,471,10,25,0,9,2,1,1
typo25_real10,472,10,25,1,2,0,1,1
typo25_real10,473,10,25,1,9,2,1,1
typo25_real10,474,10,25,1,6,1,1,1
typo25_real10,475,10,25,1,2,0,1,1
typo25_real10,476,10,25,1,5,1,1,1
typo25_real10,478,10,25,0,8,1,1,0
typo25_real10,479,10,25,1,6,0,1,1
typo25_real10,480,10,25,1,9,2,1,1
typo25_real10,481,10,25,1,5,1,1,0
typo25_real10,482,10,25,1,2,0,1,1
typo25_real10,483,10,25,1,5,1,1,1
typo25_real10,484,10,25,1,2,0,1,1
typo25_real10,485,10,25,1,5,1,1,1
typo25_real10,486,10,25,1,1,0,1,0
typo25_real10,487,10,25,1,6,1,1,1
typo25_real10,488,10,25,1,5,0,1,1
typo25_real10,489,10,25,1,2,0,1,1
typo25_real10,490,10,25,1,2,1,0,0
typo25_real10,491,10,25,1,5,1,1,1
typo25_real10,492,10,25,1,7,2,1,1
typo25_real10,493,10,25,1,2,1,1,1
typo25_real10,494,10,25,1,2,0,1,1
typo25_real10,495,10,25,1,8,1,1,1
typo25_real10,496,10,25,1,6,2,1,0
typo25_real10,497,10,25,1,6,3,1,0
typo25_real10,498,10,25,1,6,1,1,1
typo25_real10,499,10,25,1,8,1,1,1
typo25_real40,0,40,25,1,6,1,1,1
typo25_real40,1,40,25,1,2,0,1,1
typo25_real40,2,40,25,1,5,0,1,1
typo25_real40,4,40,25,1,6,1,1,1
typo25_real40,5,40,25,1,8,1,1,1
typo25_real40,6,40,25,1,5,0,1,1
typo25_real40,7,40,25,1,7,2,1,0
typo25_real40,8,40,25,0,8,2,1,1
typo25_real40,9,40,25,0,8,1,1,1
typo25_real40,10,40,25,1,9,1,1,1
typo25_real40,11,40,25,1,5,1,1,1
typo25_real40,12,40,25,1,7,1,1,1
typo25_real40,13,40,25,1,9,1,1,0
typo25_real40,14,40,25,1,9,1,1,1
typo25_real40,15,40,25,1,6,0,1,1
typo25_real40,16,40,25,1,5,2,1,1
typo25_real40,17,40,25,1,8,1,1,1
typo25_real40,18,40,25,1,6,0,1,1
typo25_real40,19,40,25,0,5,1,1,1
typo25_real40,20,40,25,1,5,2,1,1
typo25_real40,21,40,25,1,2,0,1,1
typo25_real40,22,40,25,1,5,0,1,1
typo25_real40,23,40,25,1,8,1,0,1
typo25_real40,24,40,25,1,8,4,1,0
typo25_real40,25,40,25,1,8,1,0,0
typo25_real40,26,40,25,1,8,1,1,1
typo25_real40,27,40,25,1,5,0,1,1
typo25_real40,28,40,25,1,8,2,1,1
typo25_real40,29,40,25,1,6,2,1,1
typo25_real40,30,40,25,1,6,1,1,1
typo25_real40,31,40,25,1,6,1,1,1
typo25_real40,32,40,25,1,2,1,1,1
typo25_real40,33,40,25,1,2,1,1,1
typo25_real40,34,40,25,1,2,0,1,1
typo25_real40,35,40,25,0,8,1,1,1
typo25_real40,36,40,25,1,6,0,1,1
typo25_real40,38,40,25,1,5,2,1,1
typo25_real40,39,40,25,1,5,0,1,1
typo25_real40,40,40,25,1,0,0,1,1
typo25_real40,41,40,25,0,9,4,1,0
typo25_real40,42,40,25,1,5,1,1,0
typo25_real40,43,40,25,1,2,1,1,0
typo25_real40,44,40,25,1,5,0,1,1
typo25_real40,45,40,25,1,4,0,1,1
typo25_real40,46,40,25,1,5,0,1,1
typo25_real40,47,40,25,1,2,0,1,1
typo25_real40,48,40,25,1,2,0,1,1
typo25_real40,49,40,25,0,3,0,1,1
typo25_real40,50,40,25,1,2,0,1,1
typo25_real40,51,40,25,1,6,2,1,1
typo25_real40,52,40,25,1,5,0,1,1
typo25_real40,53,40,25,1,2,1,1,1
typo25_real40,54,40,25,1,6,2,1,0
typo25_real40,55,40,25,1,2,0,1,1
typo25_real40,56,40,25,1,6,0,1,1
typo25_real40,57,40,25,1,2,0,1,1
typo25_real40,58,40,25,1,6,0,1,1
typo25_real40,59,40,25,1,2,1,1,1
typo25_real40,60,40,25,1,2,1,1,0
typo25_real40,61,40,25,1,3,0,1,1
typo25_real40,62,40,25,1,2,0,1,1
typo25_real40,63,40,25,1,0,0,1,1
typo25_real40,64,40,25,0,8,2,1,1
typo25_real40,65,40,25,1,5,3,1,0
typo25_real40,66,40,25,1,5,0,0,1
typo25_real40,67,40,25,0,6,1,1,1
typo25_real40,68,40,25,0,9,4,1,1
typo25_real40,69,40,25,0,8,1,1,1
typo25_real40,70,40,25,1,8,4,0,0
typo25_real40,71,40,25,1,6,0,1,1
typo25_real40,72,40,25,0,8,3,0,0
typo25_real40,73,40,25,0,8,1,1,1
typo25_real40,74,40,25,1,5,1,1,0
typo25_real40,75,40,25,1,9,2,0,1
typo25_real40,76,40,25,1,2,1,1,1
typo25_real40,77,40,25,1,8,1,0,1
typo25_real40,78,40,25,1,6,1,1,1
typo25_real40,79,40,25,1,9,2,1,0
typo25_real40,80,40,25,1,1,2,1,1
typo25_real40,81,40,25,1,9,2,1,0
typo25_real40,82,40,25,1,8,4,1,1
typo25_real40,83,40,25,1,2,0,1,1
typo25_real40,84,40,25,1,2,0,1,1
typo25_real40,85,40,25,1,3,0,1,1
typo25_real40,86,40,25,1,9,1,1,1
typo25_real40,88,40,25,1,8,4,1,0
typo25_real40,89,40,25,1,5,2,1,1
typo25_real40,90,40,25,0,5,2,1,0
typo25_real40,91,40,25,0,9,2,1,1
typo25_real40,92,40,25,1,9,2,1,1
typo25_real40,93,40,25,0,8,2,1,1
typo25_real40,94,40,25,1,5,3,0,0
typo25_real40,95,40,25,1,4,1,1,1
typo25_real40,96,40,25,1,8,1,1,1
typo25_real40,97,40,25,1,8,1,1,1
typo25_real40,98,40,25,1,2,0,1,1
typo25_real40,99,40,25,1,2,1,1,1
typo25_real40,100,40,25,1,5,0,0,1
typo25_real40,101,40,25,1,2,0,1,1
typo25_real40,102,40,25,1,8,1,1,1
typo25_real40,103,40,25,1,4,1,1,0
typo25_real40,106,40,25,1,2,1,1,1
typo25_real40,107,40,25,1,9,2,1,0
typo25_real40,108,40,25,0,8,2,1,0
typo25_real40,109,40,25,1,5,4,1,0
typo25_real40,110,40,25,1,6,0,1,1
typo25_real40,111,40,25,1,5,0,1,1
typo25_real40,112,40,25,1,5,2,0,0
typo25_real40,113,40,25,1,2,0,1,1
typo25_real40,114,40,25,1,8,2,1,1
typo25_real40,115,40,25,1,5,0,1,1
typo25_real40,116,40,25,1,2,0,1,1
typo25_real40,117,40,25,1,2,0,1,1
typo25_real40,118,40,25,1,2,0,1,1
typo25_real40,119,40,25,1,5,1,1,1
typo25_real40,120,40,25,1,5,1,1,1
typo25_real40,123,40,25,1,5,1,1,1
typo25_real40,124,40,25,1,8,4,1,1
typo25_real40,125,40,25,1,9,1,0,1
typo25_real40,126,40,25,1,9,1,0,1
typo25_real40,127,40,25,1,5,1,1,1
typo25_real40,128,40,25,1,6,0,1,1
typo25_real40,129,40,25,1,2,0,1,1
typo25_real40,130,40,25,1,2,0,1,1
typo25_real40,131,40,25,1,5,1,1,0
typo25_real40,132,40,25,1,4,1,1,1
typo25_real40,133,40,25,1,5,1,1,1
typo25_real40,134,40,25,1,5,2,0,1
typo25_real40,135,40,25,1,6,0,1,1
typo25_real40,136,40,25,1,4,0,1,1
typo25_real40,137,40,25,1,2,0,1,1
typo25_real40,138,40,25,0,9,1,1,1
typo25_real40,139,40,25,1,3,0,1,1
typo25_real40,140,40,25,1,2,1,1,0
typo25_real40,141,40,25,0,6,1,1,1
typo25_real40,142,40,25,1,8,2,1,1
typo25_real40,143,40,25,1,2,0,1,1
typo25_real40,144,40,25,1,2,1,1,1
typo25_real40,145,40,25,1,5,1,1,1
typo25_real40,146,40,25,0,5,1,1,1
typo25_real40,147,40,25,1,6,1,1,1
typo25_real40,148,40,25,1,4,0,1,1
typo25_real40,149,40,25,1,5,0,1,1
typo25_real40,150,40,25,1,8,4,0,1
typo25_real40,151,40,25,1,5,1,1,1
typo25_real40,152,40,25,0,2,0,1,1
typo25_real40,154,40,25,1,1,0,1,1
typo25_real40,155,40,25,1,9,4,1,0
typo25_real40,156,40,25,1,2,1,1,0
typo25_real40,157,40,25,1,5,3,0,0
typo25_real40,158,40,25,1,2,0,1,1
typo25_real40,159,40,25,1,2,0,1,1
typo25_real40,160,40,25,1,8,4,1,0
typo25_real40,161,40,25,1,8,1,1,1
typo25_real40,162,40,25,1,6,1,1,1
typo25_real40,163,40,25,1,2,3,1,1
typo25_real40,164,40,25,1,2,0,1,1
typo25_real40,166,40,25,1,6,0,1,1
typo25_real40,167,40,25,0,5,2,1,1
typo25_real40,168,40,25,1,2,0,1,1
typo25_real40,169,40,25,1,2,1,1,1
typo25_real40,170,40,25,1,7,1,1,0
typo25_real40,171,40,25,1,2,0,1,1
typo25_real40,172,40,25,1,6,0,1,1
typo25_real40,174,40,25,1,2,0,1,1
typo25_real40,175,40,25,1,2,0,1,1
typo25_real40,176,40,25,1,9,1,1,0
typo25_real40,177,40,25,1,2,0,1,1
typo25_real40,178,40,25,1,7,3,1,0
typo25_real40,179,40,25,1,2,0,1,1
typo25_real40,180,40,25,1,2,0,1,1
typo25_real40,181,40,25,0,9,2,1,0
typo25_real40,182,40,25,1,2,0,1,1
typo25_real40,183,40,25,1,8,2,0,1
typo25_real40,184,40,25,1,5,0,1,1
typo25_real40,185,40,25,1,6,2,1,0
typo25_real40,186,40,25,1,2,0,1,1
typo25_real40,187,40,25,1,2,1,1,0
typo25_real40,188,40,25,1,5,1,1,1
typo25_real40,189,40,25,0,6,0,1,1
typo25_real40,190,40,25,1,8,1,1,1
typo25_real40,191,40,25,1,5,0,1,1
typo25_real40,192,40,25,1,2,0,1,1
typo25_real40,193,40,25,1,5,0,1,1
typo25_real40,194,40,25,1,5,0,1,1
typo25_real40,195,40,25,1,6,0,1,1
typo25_real40,196,40,25,1,8,1,1,1
typo25_real40,197,40,25,1,5,2,1,1
typo25_real40,198,40,25,1,9,2,0,1
typo25_real40,199,40,25,0,8,1,1,1
typo25_real40,200,40,25,1,5,1,1,1
typo25_real40,202,40,25,1,5,0,1,1
typo25_real40,203,40,25,1,8,2,0,1
typo25_real40,204,40,25,1,2,0,1,1
typo25_real40,205,40,25,1,8,1,1,1
typo25_real40,206,40,25,1,5,0,1,1
typo25_real40,207,40,25,1,8,2,1,1
typo25_real40,208,40,25,0,0,0,1,1
typo25_real40,209,40,25,1,3,0,1,1
typo25_real40,210,40,25,1,6,1,1,1
typo25_real40,211,40,25,0,2,1,1,1
typo25_real40,212,40,25,1,9,2,1,1
typo25_real40,213,40,25,1,5,0,1,1
typo25_real40,214,40,25,1,6,0,1,1
typo25_real40,215,40,25,1,2,0,1,1
typo25_real40,217,40,25,1,1,1,1,1
typo25_real40,218,40,25,1,9,1,1,1
typo25_real40,219,40,25,1,0,0,1,1
typo25_real40,220,40,25,1,2,0,1,1
typo25_real40,221,40,25,0,4,1,1,1
typo25_real40,222,40,25,1,7,0,1,1
typo25_real40,223,40,25,0,6,0,1,1
typo25_real40,224,40,25,1,6,1,1,1
typo25_real40,225,40,25,1,6,1,1,1
typo25_real40,226,40,25,1,5,0,1,1
typo25_real40,227,40,25,0,4,2,1,1
typo25_real40,228,40,25,1,5,1,1,1
typo25_real40,229,40,25,0,8,2,1,0
typo25_real40,230,40,25,1,6,0,0,1
typo25_real40,231,40,25,1,8,2,1,1
typo25_real40,232,40,25,1,4,0,1,1
typo25_real40,233,40,25,1,8,2,1,0
typo25_real40,234,40,25,1,1,1,1,1
typo25_real40,235,40,25,0,8,2,1,1
typo25_real40,236,40,25,1,8,1,0,1
typo25_real40,237,40,25,1,9,1,1,1
typo25_real40,238,40,25,1,9,2,1,1
typo25_real40,239,40,25,1,5,0,1,1
typo25_real40,240,40,25,1,3,0,1,1
typo25_real40,241,40,25,1,2,0,1,1
typo25_real40,242,40,25,1,5,2,1,1
typo25_real40,243,40,25,1,2,0,1,1
typo25_real40,244,40,25,1,0,0,1,0
typo25_real40,245,40,25,1,6,1,1,1
typo25_real40,246,40,25,1,6,1,1,1
typo25_real40,247,40,25,0,5,3,0,1
typo25_real40,248,40,25,1,8,1,1,1
typo25_real40,249,40,25,0,9,1,1,1
typo25_real40,250,40,25,0,8,1,1,1
typo25_real40,251,40,25,1,9,1,1,1
typo25_real40,252,40,25,1,0,0,1,1
typo25_real40,253,40,25,1,9,1,1,0
typo25_real40,254,40,25,1,5,0,1,1
typo25_real40,255,40,25,1,8,1,0,0
typo25_real40,256,40,25,0,8,2,1,0
typo25_real40,257,40,25,1,5,1,1,1
typo25_real40,258,40,25,1,4,1,1,1
typo25_real40,259,40,25,1,4,0,1,1
typo25_real40,260,40,25,1,2,0,1,1
typo25_real40,261,40,25,1,8,1,1,1
typo25_real40,262,40,25,1,2,0,1,1
typo25_real40,263,40,25,1,5,4,1,1
typo25_real40,264,40,25,1,2,0,1,1
typo25_real40,266,40,25,1,2,1,1,1
typo25_real40,267,40,25,1,8,1,1,1
typo25_real40,268,40,25,1,6,1,1,1
typo25_real40,269,40,25,1,2,0,1,1
typo25_real40,270,40,25,0,5,4,1,1
typo25_real40,271,40,25,1,2,1,1,1
typo25_real40,272,40,25,1,5,1,1,1
typo25_real40,273,40,25,1,6,1,1,1
typo25_real40,274,40,25,1,6,1,1,1
typo25_real40,275,40,25,1,3,0,1,1
typo25_real40,276,40,25,1,8,2,1,1
typo25_real40,277,40,25,1,5,1,1,1
typo25_real40,278,40,25,1,5,1,1,1
typo25_real40,279,40,25,1,5,0,1,1
typo25_real40,280,40,25,1,6,1,1,1
typo25_real40,281,40,25,1,3,0,1,1
typo25_real40,282,40,25,1,5,2,1,0
typo25_real40,283,40,25,1,8,2,1,1
typo25_real40,284,40,25,1,8,1,1,1
typo25_real40,285,40,25,1,8,2,1,1
typo25_real40,286,40,25,1,5,0,1,1
typo25_real40,287,40,25,1,7,4,1,1
typo25_real40,288,40,25,0,9,2,1,1
typo25_real40,289,40,25,0,9,2,0,1
typo25_real40,290,40,25,1,8,1,0,0
typo25_real40,291,40,25,0,9,2,1,1
typo25_real40,292,40,25,1,2,0,1,1
typo25_real40,293,40,25,1,2,0,1,1
typo25_real40,294,40,25,1,5,0,1,1
typo25_real40,295,40,25,1,5,0,1,1
typo25_real40,296,40,25,1,2,0,1,1
typo25_real40,297,40,25,0,6,1,1,1
typo25_real40,298,40,25,0,9,1,1,1
typo25_real40,299,40,25,1,2,0,1,1
typo25_real40,300,40,25,1,8,4,1,1
typo25_real40,301,40,25,1,5,0,1,1
typo25_real40,302,40,25,1,8,2,1,1
typo25_real40,303,40,25,0,6,0,1,1
typo25_real40,304,40,25,1,6,1,1,1
typo25_real40,305,40,25,1,1,0,1,1
typo25_real40,306,40,25,0,8,1,1,1
typo25_real40,307,40,25,1,6,1,1,1
typo25_real40,308,40,25,1,3,0,1,1
typo25_real40,309,40,25,1,8,2,0,1
typo25_real40,310,40,25,1,2,0,1,1
typo25_real40,311,40,25,1,2,0,1,1
typo25_real40,312,40,25,1,2,0,1,1
typo25_real40,313,40,25,1,2,0,1,1
typo25_real40,314,40,25,0,6,2,1,1
typo25_real40,316,40,25,0,8,1,1,1
typo25_real40,317,40,25,1,8,2,1,0
typo25_real40,318,40,25,0,8,1,1,1
typo25_real40,319,40,25,1,9,2,1,1
typo25_real40,320,40,25,0,8,1,1,1
typo25_real40,322,40,25,1,7,1,1,1
typo25_real40,323,40,25,1,2,0,1,1
typo25_real40,324,40,25,1,2,0,1,1
typo25_real40,325,40,25,1,4,1,1,0
typo25_real40,326,40,25,1,5,0,1,1
typo25_real40,327,40,25,0,7,1,1,1
typo25_real40,328,40,25,1,6,2,1,1
typo25_real40,329,40,25,0,8,4,1,1
typo25_real40,330,40,25,1,2,0,1,1
typo25_real40,331,40,25,1,8,2,1,1
typo25_real40,332,40,25,1,5,2,1,1
typo25_real40,333,40,25,0,9,1,1,1
typo25_real40,334,40,25,1,8,1,1,1
typo25_real40,335,40,25,1,4,1,1,1
typo25_real40,336,40,25,1,2,0,1,1
typo25_real40,337,40,25,1,8,2,1,1
typo25_real40,338,40,25,1,2,0,1,1
typo25_real40,339,40,25,1,7,1,1,1
typo25_real40,340,40,25,1,2,0,1,1
typo25_real40,341,40,25,1,5,2,1,1
typo25_real40,342,40,25,1,5,0,1,1
typo25_real40,343,40,25,1,8,2,1,1
typo25_real40,344,40,25,1,8,2,1,1
typo25_real40,345,40,25,1,2,0,1,1
typo25_real40,346,40,25,1,5,1,1,1
typo25_real40,347,40,25,1,2,0,1,1
typo25_real40,348,40,25,1,2,0,1,1
typo25_real40,349,40,25,1,8,1,1,1
typo25_real40,350,40,25,1,5,0,1,1
typo25_real40,351,40,25,1,5,1,1,0
typo25_real40,352,40,25,0,9,2,1,1
typo25_real40,353,40,25,1,6,1,1,1
typo25_real40,354,40,25,1,9,2,0,1
typo25_real40,355,40,25,0,6,2,1,0
typo25_real40,356,40,25,1,6,0,0,1
typo25_real40,357,40,25,1,5,0,1,1
typo25_real40,358,40,25,0,2,1,1,1
typo25_real40,359,40,25,0,8,4,1,0
typo25_real40,360,40,25,1,2,1,1,1
typo25_real40,361,40,25,1,5,0,0,1
typo25_real40,362,40,25,1,5,1,1,1
typo25_real40,363,40,25,1,9,0,0,1
typo25_real40,364,40,25,1,5,0,1,1
typo25_real40,365,40,25,1,8,1,1,1
typo25_real40,366,40,25,1,2,0,1,1
typo25_real40,368,40,25,1,2,0,1,1
typo25_real40,369,40,25,1,4,0,1,1
typo25_real40,370,40,25,1,5,1,1,1
typo25_real40,371,40,25,1,2,0,1,1
typo25_real40,372,40,25,0,6,0,1,1
typo25_real40,373,40,25,1,6,1,1,1
typo25_real40,374,40,25,1,8,2,1,1
typo25_real40,375,40,25,1,4,0,1,1
typo25_real40,376,40,25,0,9,2,0,1
typo25_real40,377,40,25,1,8,0,1,1
typo25_real40,378,40,25,1,5,1,1,1
typo25_real40,379,40,25,1,2,0,1,1
typo25_real40,380,40,25,1,5,0,1,1
typo25_real40,381,40,25,1,4,1,1,1
typo25_real40,382,40,25,1,5,0,1,1
typo25_real40,383,40,25,0,9,4,0,1
typo25_real40,384,40,25,1,8,4,1,0
typo25_real40,385,40,25,1,2,0,1,1
typo25_real40,386,40,25,1,2,0,1,1
typo25_real40,387,40,25,1,5,2,1,1
typo25_real40,388,40,25,1,6,1,0,1
typo25_real40,389,40,25,0,6,2,1,1
typo25_real40,390,40,25,1,5,0,1,1
typo25_real40,391,40,25,1,6,1,1,1
typo25_real40,392,40,25,1,6,3,1,1
typo25_real40,393,40,25,1,7,2,1,0
typo25_real40,394,40,25,1,6,1,1,1
typo25_real40,395,40,25,1,2,0,1,1
typo25_real40,396,40,25,1,4,1,1,1
typo25_real40,397,40,25,1,3,0,1,1
typo25_real40,398,40,25,1,6,1,1,1
typo25_real40,399,40,25,1,9,1,1,1
typo25_real40,400,40,25,1,2,0,1,1
typo25_real40,401,40,25,0,2,1,1,1
typo25_real40,402,40,25,1,5,1,1,1
typo25_real40,403,40,25,1,5,1,1,1
typo25_real40,404,40,25,0,8,1,1,0
typo25_real40,405,40,25,1,6,1,1,0
typo25_real40,406,40,25,1,2,0,1,1
typo25_real40,407,40,25,0,6,1,1,1
typo25_real40,408,40,25,1,2,0,1,1
typo25_real40,409,40,25,1,2,0,1,1
typo25_real40,410,40,25,1,5,0,1,1
typo25_real40,411,40,25,0,9,4,1,1
typo25_real40,412,40,25,1,2,0,1,1
typo25_real40,413,40,25,1,5,0,1,1
typo25_real40,414,40,25,0,8,1,1,0
typo25_real40,415,40,25,1,2,1,1,1
typo25_real40,416,40,25,1,5,0,1,1
typo25_real40,417,40,25,1,2,0,1,1
typo25_real40,418,40,25,1,2,0,1,1
typo25_real40,419,40,25,1,2,0,1,1
typo25_real40,420,40,25,1,6,2,1,1
typo25_real40,421,40,25,1,6,1,1,1
typo25_real40,422,40,25,1,5,1,1,1
typo25_real40,423,40,25,1,2,1,1,1
typo25_real40,424,40,25,1,6,1,1,1
typo25_real40,425,40,25,1,5,0,1,1
typo25_real40,426,40,25,1,5,1,1,0
typo25_real40,427,40,25,1,2,0,1,1
typo25_real40,428,40,25,1,6,1,1,1
typo25_real40,429,40,25,1,6,0,1,1
typo25_real40,431,40,25,1,8,4,1,0
typo25_real40,432,40,25,1,2,0,1,1
typo25_real40,433,40,25,1,6,1,1,1
typo25_real40,434,40,25,1,2,1,1,0
typo25_real40,435,40,25,1,6,2,1,0
typo25_real40,436,40,25,1,9,2,1,0
typo25_real40,437,40,25,1,0,0,1,1
typo25_real40,438,40,25,1,4,1,1,1
typo25_real40,439,40,25,1,6,2,1,1
typo25_real40,440,40,25,1,2,0,1,1
typo25_real40,441,40,25,1,6,1,0,1
typo25_real40,442,40,25,1,5,3,0,0
typo25_real40,443,40,25,1,5,1,1,0
typo25_real40,444,40,25,1,6,1,0,1
typo25_real40,445,40,25,1,5,0,1,1
typo25_real40,446,40,25,1,5,0,1,1
typo25_real40,447,40,25,1,6,1,1,1
typo25_real40,448,40,25,1,5,0,0,1
typo25_real40,449,40,25,0,2,1,1,0
typo25_real40,450,40,25,1,8,2,1,1
typo25_real40,451,40,25,1,5,0,1,1
typo25_real40,452,40,25,1,0,0,1,1
typo25_real40,453,40,25,1,8,2,1,0
typo25_real40,454,40,25,1,2,0,1,1
typo25_real40,455,40,25,1,4,1,1,1
typo25_real40,456,40,25,1,6,1,1,1
typo25_real40,457,40,25,1,6,1,1,1
typo25_real40,458,40,25,0,2,1,1,1
typo25_real40,459,40,25,1,5,0,1,1
typo25_real40,460,40,25,1,2,0,1,1
typo25_real40,461,40,25,1,5,1,1,0
typo25_real40,462,40,25,0,8,2,1,1
typo25_real40,463,40,25,1,1,0,1,1
typo25_real40,464,40,25,1,2,0,1,1
typo25_real40,466,40,25,0,8,1,1,1
typo25_real40,467,40,25,1,2,0,1,1
typo25_real40,468,40,25,1,9,4,1,1
typo25_real40,469,40,25,1,2,0,1,1
typo25_real40,470,40,25,1,2,0,1,1
typo25_real40,471,40,25,0,9,1,1,1
typo25_real40,473,40,25,1,5,1,1,1
typo25_real40,474,40,25,1,5,1,1,0
typo25_real40,475,40,25,1,2,0,1,1
typo25_real40,476,40,25,1,2,1,1,0
typo25_real40,477,40,25,0,5,2,1,1
typo25_real40,478,40,25,1,2,0,1,1
typo25_real40,479,40,25,1,6,1,1,1
typo25_real40,480,40,25,1,6,1,1,1
typo25_real40,481,40,25,1,2,0,1,1
typo25_real40,482,40,25,1,2,0,1,1
typo25_real40,483,40,25,1,2,0,1,1
typo25_real40,484,40,25,1,2,0,1,0
typo25_real40,485,40,25,1,2,0,1,1
typo25_real40,486,40,25,1,2,0,1,1
typo25_real40,487,40,25,1,8,2,1,1
typo25_real40,488,40,25,1,2,1,1,1
typo25_real40,489,40,25,1,3,1,1,1
typo25_real40,490,40,25,1,1,1,1,0
typo25_real40,491,40,25,1,5,1,1,1
typo25_real40,492,40,25,1,8,2,1,1
typo25_real40,493,40,25,1,5,2,1,1
typo25_real40,494,40,25,1,5,1,1,1
typo25_real40,495,40,25,1,8,1,1,1
typo25_real40,496,40,25,1,8,1,1,1
typo25_real40,497,40,25,1,2,1,1,0
typo25_real40,498,40,25,0,5,4,1,1
typo25_real40,499,40,25,1,8,1,1,1
typo25_real70,0,70,25,1,8,1,1,0
typo25_real70,1,70,25,1,5,0,1,1
typo25_real70,2,70,25,1,9,1,1,1
typo25_real70,3,70,25,1,5,1,1,1
typo25_real70,4,70,25,1,8,2,1,1
typo25_real70,5,70,25,0,6,1,1,0
typo25_real70,6,70,25,1,6,2,1,1
typo25_real70,7,70,25,1,6,1,1,1
typo25_real70,8,70,25,0,9,2,1,1
typo25_real70,9,70,25,0,9,2,1,1
typo25_real70,10,70,25,1,8,2,1,1
typo25_real70,11,70,25,1,8,1,1,1
typo25_real70,12,70,25,1,8,1,1,0
typo25_real70,13,70,25,0,8,1,1,1
typo25_real70,14,70,25,1,7,1,1,1
typo25_real70,15,70,25,1,5,0,1,1
typo25_real70,16,70,25,1,2,1,1,1
typo25_real70,17,70,25,1,5,0,1,1
typo25_real70,18,70,25,1,8,1,0,1
typo25_real70,19,70,25,0,5,0,1,1
typo25_real70,20,70,25,1,5,2,0,1
typo25_real70,21,70,25,1,6,1,1,1
typo25_real70,22,70,25,1,9,0,1,1
typo25_real70,23,70,25,1,6,2,1,0
typo25_real70,24,70,25,1,5,3,1,0
typo25_real70,25,70,25,1,6,1,1,1
typo25_real70,26,70,25,1,6,2,1,0
typo25_real70,27,70,25,1,8,1,1,1
typo25_real70,28,70,25,1,8,2,1,0
typo25_real70,29,70,25,1,8,2,0,1
typo25_real70,30,70,25,0,8,2,1,1
typo25_real70,31,70,25,1,2,0,1,1
typo25_real70,32,70,25,1,2,0,1,1
typo25_real70,33,70,25,1,2,0,1,1
typo25_real70,34,70,25,1,9,2,1,1
typo25_real70,35,70,25,1,6,1,1,1
typo25_real70,36,70,25,1,8,3,1,1
typo25_real70,37,70,25,1,2,0,1,1
typo25_real70,38,70,25,1,5,0,1,1
typo25_real70,39,70,25,1,5,1,1,1
typo25_real70,40,70,25,1,8,2,1,0
typo25_real70,41,70,25,0,8,4,1,1
typo25_real70,42,70,25,1,8,1,1,1
typo25_real70,43,70,25,1,2,1,1,0
typo25_real70,44,70,25,1,0,0,1,1
typo25_real70,45,70,25,1,8,2,1,0
typo25_real70,46,70,25,1,5,0,1,1
typo25_real70,47,70,25,1,5,0,0,1
typo25_real70,48,70,25,1,5,0,1,1
typo25_real70,49,70,25,1,8,1,1,0
typo25_real70,50,70,25,1,6,1,1,1
typo25_real70,51,70,25,1,6,2,1,0
typo25_real70,52,70,25,1,5,3,1,1
typo25_real70,53,70,25,1,2,1,1,1
typo25_real70,54,70,25,0,8,2,1,1
typo25_real70,55,70,25,1,8,2,1,1
typo25_real70,56,70,25,1,6,0,1,1
typo25_real70,57,70,25,1,1,0,1,1
typo25_real70,58,70,25,1,5,0,1,1
typo25_real70,59,70,25,1,2,0,1,1
typo25_real70,60,70,25,1,2,0,1,1
typo25_real70,61,70,25,1,5,0,1,1
typo25_real70,62,70,25,1,2,1,1,1
typo25_real70,63,70,25,1,2,0,1,1
typo25_real70,64,70,25,0,9,2,1,1
typo25_real70,65,70,25,1,8,4,0,1
typo25_real70,66,70,25,1,2,0,1,1
typo25_real70,67,70,25,0,10,2,0,1
typo25_real70,68,70,25,0,9,2,1,1
typo25_real70,69,70,25,1,6,0,1,1
typo25_real70,70,70,25,0,9,3,1,1
typo25_real70,71,70,25,0,6,0,1,1
typo25_real70,72,70,25,0,8,2,1,1
typo25_real70,73,70,25,1,7,2,1,1
typo25_real70,74,70,25,1,7,2,1,0
typo25_real70,75,70,25,1,8,1,1,1
typo25_real70,76,70,25,1,2,1,1,1
typo25_real70,77,70,25,0,8,2,1,1
typo25_real70,78,70,25,1,6,1,1,1
typo25_real70,79,70,25,0,9,2,1,0
typo25_real70,80,70,25,1,5,2,1,1
typo25_real70,81,70,25,0,7,2,1,1
typo25_real70,82,70,25,1,6,3,1,0
typo25_real70,83,70,25,1,4,1,1,1
typo25_real70,84,70,25,1,2,0,1,1
typo25_real70,85,70,25,1,2,0,1,1
typo25_real70,86,70,25,1,5,0,1,1
typo25_real70,87,70,25,1,2,1,1,1
typo25_real70,88,70,25,1,9,4,1,1
typo25_real70,89,70,25,1,5,2,1,1
typo25_real70,90,70,25,0,8,4,1,1
typo25_real70,91,70,25,1,2,1,1,0
typo25_real70,92,70,25,0,6,1,1,1
typo25_real70,93,70,25,1,5,2,1,0
typo25_real70,94,70,25,1,5,0,1,1
typo25_real70,95,70,25,1,6,1,1,1
typo25_real70,96,70,25,1,6,0,1,1
typo25_real70,97,70,25,1,3,1,1,0
typo25_real70,98,70,25,1,5,1,1,1
typo25_real70,99,70,25,1,2,0,1,1
typo25_real70,100,70,25,1,8,1,1,0
typo25_real70,101,70,25,1,4,0,1,1
typo25_real70,102,70,25,1,8,1,1,1
typo25_real70,103,70,25,1,3,1,1,1
typo25_real70,104,70,25,0,2,1,1,1
typo25_real70,106,70,25,1,6,2,1,1
typo25_real70,107,70,25,1,6,0,1,1
typo25_real70,108,70,25,0,2,3,1,1
typo25_real70,109,70,25,0,10,4,1,0
typo25_real70,110,70,25,1,2,0,1,1
typo25_real70,111,70,25,1,6,0,1,1
typo25_real70,112,70,25,1,5,3,1,1
typo25_real70,113,70,25,1,2,0,1,1
typo25_real70,114,70,25,1,5,1,1,0
typo25_real70,115,70,25,1,5,0,1,1
typo25_real70,116,70,25,1,5,4,1,0
typo25_real70,117,70,25,1,2,0,1,1
typo25_real70,118,70,25,1,4,1,1,0
typo25_real70,119,70,25,1,2,1,1,1
typo25_real70,120,70,25,1,8,4,1,1
typo25_real70,121,70,25,0,9,2,1,1
typo25_real70,122,70,25,1,9,4,1,0
typo25_real70,123,70,25,1,5,0,1,1
typo25_real70,124,70,25,1,4,1,1,1
typo25_real70,125,70,25,0,9,1,1,1
typo25_real70,126,70,25,0,8,2,1,1
typo25_real70,127,70,25,1,8,2,1,1
typo25_real70,128,70,25,1,8,4,1,1
typo25_real70,129,70,25,1,6,1,1,1
typo25_real70,130,70,25,1,2,0,1,1
typo25_real70,131,70,25,1,2,1,1,0
typo25_real70,132,70,25,1,4,1,1,1
typo25_real70,133,70,25,1,8,2,1,1
typo25_real70,134,70,25,1,8,2,1,0
typo25_real70,135,70,25,1,8,1,1,1
typo25_real70,136,70,25,1,2,0,1,1
typo25_real70,137,70,25,1,2,0,1,1
typo25_real70,138,70,25,0,9,1,1,1
typo25_real70,139,70,25,1,2,0,1,1
typo25_real70,140,70,25,1,6,1,1,1
typo25_real70,141,70,25,0,8,1,1,1
typo25_real70,142,70,25,0,6,0,1,1
typo25_real70,143,70,25,1,6,2,1,0
typo25_real70,144,70,25,1,5,1,1,1
typo25_real70,145,70,25,0,9,2,1,1
typo25_real70,146,70,25,1,6,1,1,1
typo25_real70,147,70,25,1,8,1,1,1
typo25_real70,148,70,25,1,2,0,1,1
typo25_real70,149,70,25,1,4,1,1,1
typo25_real70,150,70,25,0,7,4,1,1
typo25_real70,151,70,25,1,8,1,1,1
typo25_real70,152,70,25,0,2,0,1,1
typo25_real70,153,70,25,1,9,2,1,0
typo25_real70,154,70,25,1,4,1,1,0
typo25_real70,155,70,25,1,5,3,1,1
typo25_real70,156,70,25,1,5,2,0,1
typo25_real70,157,70,25,1,8,4,1,1
typo25_real70,158,70,25,1,2,0,1,1
typo25_real70,159,70,25,1,1,0,1,1
typo25_real70,160,70,25,1,8,4,1,0
typo25_real70,161,70,25,1,8,1,1,1
typo25_real70,162,70,25,0,5,0,1,1
typo25_real70,163,70,25,1,1,2,1,1
typo25_real70,164,70,25,1,6,1,1,1
typo25_real70,165,70,25,1,6,1,1,1
typo25_real70,166,70,25,1,5,0,1,1
typo25_real70,167,70,25,1,5,1,1,1
typo25_real70,168,70,25,1,3,1,1,1
typo25_real70,169,70,25,1,2,1,1,1
typo25_real70,170,70,25,1,6,1,1,1
typo25_real70,171,70,25,0,9,2,1,1
typo25_real70,172,70,25,1,4,0,1,1
typo25_real70,173,70,25,0,8,2,1,1
typo25_real70,174,70,25,1,8,4,1,1
typo25_real70,175,70,25,1,2,0,1,1
typo25_real70,176,70,25,0,8,1,1,1
typo25_real70,177,70,25,1,2,0,1,1
typo25_real70,178,70,25,1,6,3,1,0
typo25_real70,179,70,25,1,2,0,1,1
typo25_real70,180,70,25,1,5,2,1,0
typo25_real70,182,70,25,1,6,1,1,1
typo25_real70,183,70,25,1,6,1,1,1
typo25_real70,184,70,25,1,6,2,1,1
typo25_real70,185,70,25,0,8,2,1,1
typo25_real70,186,70,25,1,5,1,0,1
typo25_real70,187,70,25,1,2,1,1,1
typo25_real70,188,70,25,1,5,1,1,1
typo25_real70,189,70,25,0,2,1,1,0
typo25_real70,190,70,25,1,2,0,1,1
typo25_real70,191,70,25,1,5,0,1,1
typo25_real70,192,70,25,1,2,0,1,1
typo25_real70,193,70,25,1,6,1,0,1
typo25_real70,194,70,25,1,8,2,1,1
typo25_real70,195,70,25,1,6,1,1,1
typo25_real70,196,70,25,1,6,4,1,1
typo25_real70,197,70,25,0,7,4,1,1
typo25_real70,198,70,25,1,4,1,1,1
typo25_real70,199,70,25,1,4,0,1,0
typo25_real70,200,70,25,1,5,1,1,0
typo25_real70,202,70,25,1,0,0,1,1
typo25_real70,203,70,25,1,8,2,1,1
typo25_real70,204,70,25,1,4,0,1,1
typo25_real70,205,70,25,1,5,0,1,1
typo25_real70,206,70,25,1,2,1,1,1
typo25_real70,207,70,25,0,8,3,1,1
typo25_real70,208,70,25,0,6,1,1,1
typo25_real70,209,70,25,1,6,0,1,1
typo25_real70,210,70,25,1,2,0,1,1
typo25_real70,211,70,25,1,4,2,1,0
typo25_real70,212,70,25,1,6,2,0,1
typo25_real70,213,70,25,1,5,0,1,1
typo25_real70,214,70,25,1,8,1,1,1
typo25_real70,215,70,25,1,2,0,1,1
typo25_real70,216,70,25,0,9,3,1,1
typo25_real70,217,70,25,1,0,0,1,1
typo25_real70,218,70,25,1,9,1,1,1
typo25_real70,219,70,25,1,2,0,1,1
typo25_real70,220,70,25,1,2,1,1,0
typo25_real70,221,70,25,0,1,1,1,1
typo25_real70,222,70,25,1,6,2,1,1
typo25_real70,223,70,25,0,5,1,0,0
typo25_real70,224,70,25,1,5,1,1,1
typo25_real70,225,70,25,1,2,1,1,1
typo25_real70,226,70,25,1,6,0,1,1
typo25_real70,227,70,25,0,5,0,1,1
typo25_real70,228,70,25,1,4,2,1,1
typo25_real70,229,70,25,0,8,1,1,0
typo25_real70,230,70,25,1,6,1,1,1
typo25_real70,231,70,25,1,5,2,1,1
typo25_real70,232,70,25,1,4,0,1,1
typo25_real70,233,70,25,0,9,4,1,1
typo25_real70,234,70,25,1,1,1,1,1
typo25_real70,235,70,25,1,9,2,1,1
typo25_real70,236,70,25,0,6,2,1,1
typo25_real70,237,70,25,1,5,0,1,1
typo25_real70,238,70,25,1,8,1,0,1
typo25_real70,239,70,25,1,5,0,1,1
typo25_real70,240,70,25,1,2,0,1,1
typo25_real70,241,70,25,0,5,0,1,1
typo25_real70,242,70,25,1,4,2,1,0
typo25_real70,243,70,25,1,3,0,1,1
typo25_real70,244,70,25,1,2,0,1,0
typo25_real70,245,70,25,1,0,0,1,1
typo25_real70,246,70,25,1,0,0,1,1
typo25_real70,247,70,25,0,9,3,1,1
typo25_real70,248,70,25,1,5,1,1,1
typo25_real70,249,70,25,0,8,1,0,1
typo25_real70,250,70,25,1,8,1,1,1
typo25_real70,251,70,25,1,8,2,1,1
typo25_real70,252,70,25,1,4,3,0,0
typo25_real70,253,70,25,1,9,1,1,1
typo25_real70,254,70,25,1,9,2,1,1
typo25_real70,255,70,25,1,5,2,1,1
typo25_real70,256,70,25,0,6,2,1,0
typo25_real70,257,70,25,0,8,2,1,0
typo25_real70,258,70,25,1,5,0,1,1
typo25_real70,259,70,25,1,2,0,1,1
typo25_real70,260,70,25,1,2,1,1,0
typo25_real70,261,70,25,1,6,1,1,0
typo25_real70,262,70,25,1,6,1,1,1
typo25_real70,263,70,25,0,9,4,1,0
typo25_real70,264,70,25,1,5,0,1,1
typo25_real70,265,70,25,0,9,5,1,1
typo25_real70,267,70,25,1,6,1,1,1
typo25_real70,268,70,25,1,8,2,1,0
typo25_real70,269,70,25,1,2,0,1,1
typo25_real70,270,70,25,0,2,0,1,1
typo25_real70,271,70,25,1,9,2,1,1
typo25_real70,272,70,25,1,2,1,1,1
typo25_real70,273,70,25,1,5,2,1,1
typo25_real70,274,70,25,1,5,3,1,0
typo25_real70,275,70,25,1,5,0,1,1
typo25_real70,276,70,25,1,6,1,1,0
typo25_real70,277,70,25,1,6,4,1,0
typo25_real70,278,70,25,1,4,1,1,1
typo25_real70,279,70,25,1,5,1,1,1
typo25_real70,280,70,25,1,6,1,1,1
typo25_real70,281,70,25,1,5,0,1,1
typo25_real70,282,70,25,1,5,2,1,1
typo25_real70,283,70,25,1,9,2,1,1
typo25_real70,284,70,25,1,2,0,1,1
typo25_real70,285,70,25,1,5,2,1,0
typo25_real70,286,70,25,1,2,0,1,1
typo25_real70,288,70,25,0,9,1,1,1
typo25_real70,289,70,25,1,9,4,1,1
typo25_real70,290,70,25,1,2,1,1,1
typo25_real70,291,70,25,1,6,0,1,1
typo25_real70,292,70,25,1,2,0,1,1
typo25_real70,293,70,25,1,5,1,1,1
typo25_real70,294,70,25,1,2,0,1,1
typo25_real70,295,70,25,1,1,0,1,1
typo25_real70,296,70,25,1,5,2,1,1
typo25_real70,297,70,25,0,8,2,1,1
typo25_real70,298,70,25,1,8,1,1,1
typo25_real70,299,70,25,1,0,0,1,1
typo25_real70,300,70,25,0,8,4,0,1
typo25_real70,301,70,25,1,5,0,1,1
typo25_real70,302,70,25,1,6,1,1,1
typo25_real70,303,70,25,1,4,0,0,1
typo25_real70,304,70,25,1,4,1,1,0
typo25_real70,305,70,25,1,2,0,1,1
typo25_real70,306,70,25,0,8,2,1,1
typo25_real70,307,70,25,1,2,0,1,1
typo25_real70,308,70,25,1,2,0,1,1
typo25_real70,309,70,25,1,6,1,1,1
typo25_real70,310,70,25,0,8,1,1,1
typo25_real70,311,70,25,1,2,1,1,0
typo25_real70,312,70,25,1,2,0,1,1
typo25_real70,313,70,25,1,2,0,1,1
typo25_real70,314,70,25,0,5,2,1,0
typo25_real70,315,70,25,1,0,0,1,1
typo25_real70,316,70,25,0,6,0,1,1
typo25_real70,317,70,25,1,8,2,1,0
typo25_real70,318,70,25,0,7,0,1,1
typo25_real70,319,70,25,1,9,3,1,0
typo25_real70,320,70,25,0,8,2,1,1
typo25_real70,321,70,25,1,2,0,1,1
typo25_real70,322,70,25,1,5,0,1,1
typo25_real70,323,70,25,1,5,1,1,1
typo25_real70,324,70,25,1,5,0,1,1
typo25_real70,325,70,25,1,5,2,1,0
typo25_real70,326,70,25,1,6,1,0,1
typo25_real70,327,70,25,0,6,2,1,1
typo25_real70,328,70,25,1,6,1,1,1
typo25_real70,329,70,25,0,9,4,1,1
typo25_real70,330,70,25,1,7,1,1,1
typo25_real70,331,70,25,1,8,1,1,0
typo25_real70,332,70,25,1,2,1,1,1
typo25_real70,333,70,25,0,8,1,1,1
typo25_real70,334,70,25,1,8,2,1,1
typo25_real70,335,70,25,1,4,1,1,1
typo25_real70,336,70,25,1,0,0,1,1
typo25_real70,337,70,25,1,8,1,1,1
typo25_real70,338,70,25,1,2,0,1,1
typo25_real70,339,70,25,1,6,0,0,1
typo25_real70,340,70,25,1,5,0,1,1
typo25_real70,341,70,25,0,7,3,1,1
typo25_real70,342,70,25,1,2,0,1,1
typo25_real70,343,70,25,1,6,2,1,1
typo25_real70,344,70,25,1,8,1,1,1
typo25_real70,345,70,25,1,0,0,1,1
typo25_real70,346,70,25,1,5,1,1,1
typo25_real70,347,70,25,1,2,0,1,1
typo25_real70,348,70,25,1,3,1,1,0
typo25_real70,349,70,25,1,8,4,1,0
typo25_real70,350,70,25,1,2,0,1,1
typo25_real70,351,70,25,1,5,0,1,1
typo25_real70,352,70,25,0,5,2,1,1
typo25_real70,353,70,25,1,7,1,1,0
typo25_real70,354,70,25,1,8,2,1,1
typo25_real70,355,70,25,0,5,3,1,0
typo25_real70,356,70,25,1,5,0,1,1
typo25_real70,357,70,25,1,2,0,1,1
typo25_real70,358,70,25,0,5,1,1,1
typo25_real70,360,70,25,1,5,0,1,1
typo25_real70,361,70,25,1,2,0,1,1
typo25_real70,362,70,25,1,8,2,1,0
typo25_real70,363,70,25,1,6,1,1,0
typo25_real70,364,70,25,1,6,0,1,1
typo25_real70,365,70,25,1,6,0,1,1
typo25_real70,366,70,25,1,1,0,1,1
typo25_real70,367,70,25,1,8,1,1,0
typo25_real70,368,70,25,1,2,1,1,0
typo25_real70,369,70,25,1,2,1,1,1
typo25_real70,370,70,25,1,4,1,1,1
typo25_real70,371,70,25,1,6,0,1,1
typo25_real70,373,70,25,1,7,1,1,1
typo25_real70,374,70,25,1,0,0,1,1
typo25_real70,375,70,25,1,5,0,1,1
typo25_real70,376,70,25,1,8,4,1,1
typo25_real70,377,70,25,1,2,0,1,1
typo25_real70,378,70,25,1,8,2,1,1
typo25_real70,379,70,25,1,5,1,1,1
typo25_real70,380,70,25,1,6,1,1,0
typo25_real70,382,70,25,1,5,0,1,1
typo25_real70,384,70,25,0,8,4,1,0
typo25_real70,385,70,25,1,6,1,1,1
typo25_real70,386,70,25,1,2,0,1,1
typo25_real70,387,70,25,1,5,2,1,1
typo25_real70,388,70,25,1,5,2,1,1
typo25_real70,389,70,25,0,9,2,1,1
typo25_real70,390,70,25,1,8,1,0,1
typo25_real70,391,70,25,1,6,1,1,1
typo25_real70,392,70,25,1,9,2,1,1
typo25_real70,393,70,25,1,8,1,1,1
typo25_real70,394,70,25,1,6,0,1,1
typo25_real70,395,70,25,1,6,0,1,1
typo25_real70,396,70,25,1,5,0,1,1
typo25_real70,397,70,25,1,2,0,1,1
typo25_real70,398,70,25,1,5,2,1,1
typo25_real70,399,70,25,1,8,2,1,1
typo25_real70,400,70,25,1,4,0,1,1
typo25_real70,401,70,25,0,8,2,1,0
typo25_real70,402,70,25,0,9,2,1,1
typo25_real70,404,70,25,1,6,1,1,1
typo25_real70,405,70,25,1,6,2,1,0
typo25_real70,406,70,25,1,5,1,1,1
typo25_real70,407,70,25,1,9,2,1,1
typo25_real70,408,70,25,1,2,0,1,1
typo25_real70,409,70,25,1,2,0,1,1
typo25_real70,410,70,25,1,5,0,1,1
typo25_real70,411,70,25,0,9,4,1,0
typo25_real70,412,70,25,1,8,2,1,1
typo25_real70,413,70,25,1,5,2,1,1
typo25_real70,414,70,25,0,8,1,1,1
typo25_real70,415,70,25,1,4,0,1,1
typo25_real70,416,70,25,1,6,0,1,1
typo25_real70,417,70,25,1,6,1,0,1
typo25_real70,418,70,25,1,2,0,1,1
typo25_real70,419,70,25,1,2,0,1,1
typo25_real70,420,70,25,1,5,2,1,1
typo25_real70,421,70,25,1,5,1,1,1
typo25_real70,422,70,25,0,8,1,1,1
typo25_real70,423,70,25,1,5,1,1,0
typo25_real70,424,70,25,1,6,1,1,1
typo25_real70,425,70,25,0,6,0,1,1
typo25_real70,426,70,25,1,5,1,1,1
typo25_real70,427,70,25,1,4,1,1,1
typo25_real70,428,70,25,1,5,1,1,1
typo25_real70,429,70,25,1,7,1,1,0
typo25_real70,430,70,25,1,2,0,1,1
typo25_real70,431,70,25,1,6,1,0,1
typo25_real70,432,70,25,1,2,0,1,1
typo25_real70,433,70,25,0,9,1,0,1
typo25_real70,434,70,25,1,2,1,1,0
typo25_real70,435,70,25,1,6,2,1,1
typo25_real70,436,70,25,1,9,1,0,1
typo25_real70,437,70,25,1,0,0,1,1
typo25_real70,438,70,25,0,9,1,1,1
typo25_real70,439,70,25,1,6,1,1,1
typo25_real70,440,70,25,1,2,0,1,1
typo25_real70,441,70,25,1,9,2,1,1
typo25_real70,442,70,25,1,5,4,0,0
typo25_real70,443,70,25,1,6,1,1,1
typo25_real70,444,70,25,1,8,2,1,0
typo25_real70,445,70,25,1,5,1,1,1
typo25_real70,446,70,25,1,8,2,1,1
typo25_real70,447,70,25,1,5,1,1,1
typo25_real70,448,70,25,1,6,0,1,1
typo25_real70,449,70,25,0,2,2,1,0
typo25_real70,450,70,25,1,6,1,1,1
typo25_real70,451,70,25,1,3,0,1,1
typo25_real70,452,70,25,1,2,0,1,1
typo25_real70,454,70,25,1,2,0,1,1
typo25_real70,455,70,25,1,6,2,1,1
typo25_real70,456,70,25,1,2,1,1,1
typo25_real70,457,70,25,1,6,1,0,0
typo25_real70,458,70,25,0,2,1,1,1
typo25_real70,459,70,25,1,5,0,1,1
typo25_real70,460,70,25,1,2,0,1,1
typo25_real70,461,70,25,0,1,1,1,0
typo25_real70,462,70,25,0,5,1,1,1
typo25_real70,463,70,25,1,2,0,1,1
typo25_real70,464,70,25,1,2,0,1,1
typo25_real70,466,70,25,0,6,1,1,1
typo25_real70,467,70,25,1,2,1,1,1
typo25_real70,468,70,25,1,6,4,1,1
typo25_real70,469,70,25,1,0,0,1,1
typo25_real70,470,70,25,1,5,2,1,1
typo25_real70,471,70,25,1,9,2,1,1
typo25_real70,472,70,25,1,7,2,1,1
typo25_real70,473,70,25,1,8,1,0,1
typo25_real70,474,70,25,1,6,1,1,1
typo25_real70,475,70,25,1,2,1,1,1
typo25_real70,476,70,25,1,1,1,1,1
typo25_real70,477,70,25,1,5,2,1,1
typo25_real70,478,70,25,1,5,1,1,1
typo25_real70,479,70,25,1,5,0,1,1
typo25_real70,480,70,25,0,8,1,1,1
typo25_real70,481,70,25,1,9,4,1,1
typo25_real70,482,70,25,1,2,0,1,1
typo25_real70,483,70,25,1,2,0,1,1
typo25_real70,484,70,25,1,2,0,1,1
typo25_real70,485,70,25,1,2,0,1,1
typo25_real70,486,70,25,1,5,1,1,1
typo25_real70,487,70,25,1,8,2,0,1
typo25_real70,488,70,25,1,5,2,1,1
typo25_real70,489,70,25,1,5,1,1,0
typo25_real70,490,70,25,1,6,4,1,0
typo25_real70,491,70,25,1,5,1,1,1
typo25_real70,492,70,25,1,2,1,1,1
typo25_real70,493,70,25,1,2,1,1,0
typo25_real70,495,70,25,1,2,0,1,1
typo25_real70,496,70,25,1,2,1,1,1
typo25_real70,498,70,25,1,9,2,1,1
typo25_real70,499,70,25,0,9,2,1,1
typo50_real10,0,10,50,1,6,1,1,1
typo50_real10,1,10,50,1,5,0,1,1
typo50_real10,2,10,50,1,6,0,1,1
typo50_real10,3,10,50,1,2,0,1,1
typo50_real10,4,10,50,1,6,1,1,1
typo50_real10,5,10,50,0,2,0,1,1
typo50_real10,6,10,50,1,6,0,1,1
typo50_real10,7,10,50,1,7,2,1,1
typo50_real10,8,10,50,0,9,1,1,1
typo50_real10,9,10,50,0,9,2,1,0
typo50_real10,10,10,50,1,9,3,1,1
typo50_real10,11,10,50,1,5,0,1,1
typo50_real10,12,10,50,1,7,1,0,1
typo50_real10,13,10,50,0,8,1,1,1
typo50_real10,14,10,50,1,9,2,1,0
typo50_real10,15,10,50,1,8,1,1,0
typo50_real10,16,10,50,1,2,0,1,1
typo50_real10,17,10,50,1,5,0,1,1
typo50_real10,18,10,50,1,9,2,1,1
typo50_real10,19,10,50,0,2,1,1,1
typo50_real10,20,10,50,1,6,1,1,1
typo50_real10,21,10,50,1,2,0,0,1
typo50_real10,22,10,50,1,6,0,1,1
typo50_real10,23,10,50,1,5,0,1,1
typo50_real10,24,10,50,0,9,4,1,0
typo50_real10,25,10,50,0,9,4,1,1
typo50_real10,26,10,50,1,6,1,1,1
typo50_real10,27,10,50,1,8,4,1,1
typo50_real10,28,10,50,1,9,2,1,0
typo50_real10,29,10,50,1,5,1,1,1
typo50_real10,31,10,50,1,3,0,1,1
typo50_real10,33,10,50,1,2,0,1,1
typo50_real10,34,10,50,1,5,0,1,1
typo50_real10,35,10,50,0,8,2,1,1
typo50_real10,36,10,50,1,8,3,1,1
typo50_real10,38,10,50,1,5,2,1,1
typo50_real10,40,10,50,1,5,1,1,1
typo50_real10,41,10,50,0,9,2,1,1
typo50_real10,42,10,50,1,9,0,1,1
typo50_real10,43,10,50,1,5,0,1,1
typo50_real10,44,10,50,1,2,0,1,1
typo50_real10,45,10,50,1,6,1,1,1
typo50_real10,46,10,50,1,2,0,1,1
typo50_real10,47,10,50,1,2,0,1,1
typo50_real10,48,10,50,0,6,1,0,1
typo50_real10,49,10,50,1,6,2,1,1
typo50_real10,50,10,50,1,2,0,1,1
typo50_real10,51,10,50,1,6,1,1,1
typo50_real10,52,10,50,1,7,2,1,1
typo50_real10,53,10,50,1,2,0,1,1
typo50_real10,54,10,50,0,5,1,1,1
typo50_real10,55,10,50,1,2,0,1,1
typo50_real10,56,10,50,0,7,1,1,1
typo50_real10,57,10,50,1,2,0,1,1
typo50_real10,58,10,50,1,2,0,1,1
typo50_real10,59,10,50,1,2,0,1,1
typo50_real10,60,10,50,1,5,1,1,1
typo50_real10,61,10,50,1,7,2,1,1
typo50_real10,62,10,50,1,8,4,1,1
typo50_real10,63,10,50,1,2,0,1,1
typo50_real10,64,10,50,1,6,1,1,1
typo50_real10,65,10,50,1,5,0,1,1
typo50_real10,66,10,50,1,3,0,1,1
typo50_real10,67,10,50,0,8,1,1,1
typo50_real10,68,10,50,0,8,1,1,0
typo50_real10,69,10,50,1,6,0,1,1
typo50_real10,70,10,50,0,8,2,1,1
typo50_real10,71,10,50,1,2,0,1,1
typo50_real10,72,10,50,1,8,1,1,1
typo50_real10,73,10,50,1,5,1,1,1
typo50_real10,74,10,50,1,5,0,1,0
typo50_real10,75,10,50,1,8,0,1,1
typo50_real10,76,10,50,1,2,0,1,1
typo50_real10,77,10,50,1,6,0,1,1
typo50_real10,78,10,50,1,2,0,1,0
typo50_real10,79,10,50,0,0,0,1,1
typo50_real10,80,10,50,1,2,0,1,1
typo50_real10,81,10,50,1,9,1,1,1
typo50_real10,82,10,50,1,6,1,1,1
typo50_real10,83,10,50,1,5,1,1,1
typo50_real10,84,10,50,1,2,1,0,1
typo50_real10,85,10,50,1,2,0,1,1
typo50_real10,86,10,50,1,6,2,1,0
typo50_real10,87,10,50,1,0,0,1,1
typo50_real10,88,10,50,1,8,4,1,0
typo50_real10,89,10,50,1,3,0,1,1
typo50_real10,90,10,50,0,9,1,1,1
typo50_real10,91,10,50,0,2,0,1,1
typo50_real10,92,10,50,0,8,1,1,1
typo50_real10,93,10,50,0,8,2,1,0
typo50_real10,94,10,50,1,6,1,1,1
typo50_real10,95,10,50,1,8,1,1,1
typo50_real10,96,10,50,1,6,0,1,1
typo50_real10,97,10,50,1,9,2,1,1
typo50_real10,98,10,50,1,2,0,1,1
typo50_real10,99,10,50,1,2,0,1,1
typo50_real10,100,10,50,1,6,2,1,1
typo50_real10,101,10,50,1,2,0,1,1
typo50_real10,102,10,50,0,8,4,1,1
typo50_real10,103,10,50,1,8,1,1,0
typo50_real10,104,10,50,0,2,1,1,1
typo50_real10,106,10,50,1,8,4,1,1
typo50_real10,107,10,50,1,8,1,1,1
typo50_real10,108,10,50,1,8,4,1,1
typo50_real10,109,10,50,0,9,5,1,1
typo50_real10,110,10,50,1,8,1,1,1
typo50_real10,111,10,50,1,5,0,1,1
typo50_real10,112,10,50,1,9,2,1,1
typo50_real10,113,10,50,1,2,0,1,1
typo50_real10,114,10,50,1,8,1,0,1
typo50_real10,115,10,50,1,5,2,1,0
typo50_real10,116,10,50,1,6,0,1,1
typo50_real10,117,10,50,1,3,0,1,1
typo50_real10,118,10,50,1,2,0,1,1
typo50_real10,119,10,50,1,6,1,1,1
typo50_real10,120,10,50,1,5,1,1,1
typo50_real10,121,10,50,0,5,2,0,1
typo50_real10,122,10,50,1,8,1,1,1
typo50_real10,123,10,50,1,8,1,1,1
typo50_real10,124,10,50,0,9,1,1,1
typo50_real10,125,10,50,1,8,1,1,1
typo50_real10,126,10,50,1,8,1,1,1
typo50_real10,127,10,50,1,5,0,1,1
typo50_real10,128,10,50,0,9,2,0,1
typo50_real10,129,10,50,0,5,0,1,1
typo50_real10,130,10,50,1,2,0,1,1
typo50_real10,131,10,50,1,8,1,1,1
typo50_real10,132,10,50,1,5,0,1,1
typo50_real10,133,10,50,1,6,1,1,1
typo50_real10,134,10,50,1,6,0,1,1
typo50_real10,135,10,50,1,6,1,1,0
typo50_real10,136,10,50,1,0,0,1,1
typo50_real10,137,10,50,1,0,0,1,1
typo50_real10,138,10,50,0,2,0,1,1
typo50_real10,139,10,50,1,5,0,1,1
typo50_real10,140,10,50,1,2,0,1,1
typo50_real10,141,10,50,1,9,4,1,0
typo50_real10,142,10,50,0,8,2,1,1
typo50_real10,143,10,50,1,2,0,1,1
typo50_real10,144,10,50,1,5,0,1,1
typo50_real10,145,10,50,0,8,2,1,1
typo50_real10,146,10,50,1,7,1,1,0
typo50_real10,147,10,50,1,6,0,1,1
typo50_real10,148,10,50,1,2,1,1,1
typo50_real10,149,10,50,1,2,0,1,1
typo50_real10,150,10,50,0,8,1,1,1
typo50_real10,151,10,50,0,5,2,1,1
typo50_real10,152,10,50,0,5,0,1,1
typo50_real10,153,10,50,1,6,1,1,1
typo50_real10,154,10,50,1,2,0,1,1
typo50_real10,155,10,50,1,8,4,1,1
typo50_real10,156,10,50,1,2,0,1,0
typo50_real10,157,10,50,0,6,1,1,1
typo50_real10,158,10,50,1,2,0,1,1
typo50_real10,159,10,50,1,2,0,1,1
typo50_real10,160,10,50,1,5,0,1,1
typo50_real10,161,10,50,1,5,0,1,1
typo50_real10,162,10,50,1,6,1,1,1
typo50_real10,163,10,50,1,2,0,1,1
typo50_real10,164,10,50,1,5,1,1,1
typo50_real10,165,10,50,1,5,1,1,1
typo50_real10,166,10,50,1,2,0,1,1
typo50_real10,167,10,50,0,6,2,1,1
typo50_real10,168,10,50,1,2,0,1,1
typo50_real10,169,10,50,1,0,0,1,1
typo50_real10,170,10,50,1,8,1,0,1
typo50_real10,171,10,50,1,8,1,1,1
typo50_real10,172,10,50,1,5,1,0,1
typo50_real10,173,10,50,1,8,1,1,1
typo50_real10,174,10,50,1,6,0,1,1
typo50_real10,175,10,50,1,8,2,1,1
typo50_real10,176,10,50,1,6,1,1,1
typo50_real10,177,10,50,0,8,0,1,1
typo50_real10,178,10,50,1,7,2,1,0
typo50_real10,179,10,50,0,8,4,1,0
typo50_real10,180,10,50,1,5,0,1,1
typo50_real10,181,10,50,0,5,1,1,1
typo50_real10,182,10,50,1,6,1,1,1
typo50_real10,183,10,50,1,9,3,1,1
typo50_real10,184,10,50,1,6,1,1,1
typo50_real10,185,10,50,1,8,3,1,1
typo50_real10,187,10,50,1,2,0,1,1
typo50_real10,188,10,50,1,5,2,1,0
typo50_real10,189,10,50,0,5,1,1,0
typo50_real10,190,10,50,1,2,0,1,1
typo50_real10,192,10,50,1,6,0,0,1
typo50_real10,193,10,50,1,6,1,1,1
typo50_real10,194,10,50,1,8,1,0,1
typo50_real10,195,10,50,1,5,0,1,1
typo50_real10,196,10,50,0,9,1,1,1
typo50_real10,197,10,50,0,8,4,1,0
typo50_real10,199,10,50,0,8,1,1,1
typo50_real10,201,10,50,1,2,0,1,1
typo50_real10,202,10,50,1,2,0,1,1
typo50_real10,203,10,50,1,8,1,1,1
typo50_real10,204,10,50,1,2,0,1,1
typo50_real10,205,10,50,1,8,2,1,1
typo50_real10,206,10,50,1,5,0,1,1
typo50_real10,207,10,50,0,6,4,1,1
typo50_real10,208,10,50,1,8,1,1,1
typo50_real10,209,10,50,1,8,4,0,0
typo50_real10,210,10,50,1,6,0,0,1
typo50_real10,211,10,50,1,2,0,1,1
typo50_real10,212,10,50,1,8,2,1,1
typo50_real10,213,10,50,1,1,1,1,1
typo50_real10,214,10,50,1,9,2,1,1
typo50_real10,215,10,50,1,2,0,1,1
typo50_real10,216,10,50,0,8,4,1,0
typo50_real10,217,10,50,1,1,1,1,1
typo50_real10,218,10,50,1,8,1,1,1
typo50_real10,219,10,50,1,6,0,1,1
typo50_real10,220,10,50,1,2,0,1,1
typo50_real10,221,10,50,0,2,2,1,0
typo50_real10,222,10,50,1,8,1,1,1
typo50_real10,223,10,50,0,8,4,0,1
typo50_real10,224,10,50,1,5,0,1,1
typo50_real10,225,10,50,1,6,0,1,1
typo50_real10,226,10,50,1,6,0,1,1
typo50_real10,227,10,50,1,4,0,1,1
typo50_real10,228,10,50,1,8,4,1,0
typo50_real10,229,10,50,0,6,1,1,1
typo50_real10,230,10,50,1,6,1,1,1
typo50_real10,231,10,50,1,6,2,1,0
typo50_real10,232,10,50,1,8,4,1,1
typo50_real10,233,10,50,1,9,4,1,0
typo50_real10,234,10,50,1,6,0,1,1
typo50_real10,235,10,50,1,6,1,1,1
typo50_real10,236,10,50,1,8,2,1,0
typo50_real10,237,10,50,1,9,1,1,1
typo50_real10,238,10,50,0,8,1,1,1
typo50_real10,239,10,50,1,5,0,1,1
typo50_real10,240,10,50,1,5,2,1,1
typo50_real10,241,10,50,1,8,1,1,1
typo50_real10,242,10,50,1,2,0,1,1
typo50_real10,243,10,50,1,2,0,1,1
typo50_real10,244,10,50,1,2,2,1,1
typo50_real10,245,10,50,0,6,0,1,1
typo50_real10,246,10,50,1,2,0,1,1
typo50_real10,247,10,50,1,9,1,1,1
typo50_real10,248,10,50,1,2,1,1,1
typo50_real10,249,10,50,1,8,1,1,0
typo50_real10,250,10,50,1,6,2,1,1
typo50_real10,251,10,50,1,6,1,1,1
typo50_real10,252,10,50,1,2,0,0,1
typo50_real10,253,10,50,0,6,0,1,1
typo50_real10,254,10,50,1,8,0,1,1
typo50_real10,256,10,50,1,8,1,1,0
typo50_real10,257,10,50,0,9,2,0,1
typo50_real10,258,10,50,1,2,0,1,1
typo50_real10,259,10,50,1,5,0,1,1
typo50_real10,260,10,50,1,1,0,1,1
typo50_real10,261,10,50,1,6,0,1,1
typo50_real10,262,10,50,1,6,0,0,1
typo50_real10,263,10,50,1,8,4,1,1
typo50_real10,264,10,50,1,2,0,1,1
typo50_real10,265,10,50,1,6,0,1,1
typo50_real10,266,10,50,1,6,1,1,1
typo50_real10,267,10,50,1,5,0,1,1
typo50_real10,268,10,50,1,6,1,1,1
typo50_real10,269,10,50,1,2,0,1,1
typo50_real10,270,10,50,1,2,0,1,1
typo50_real10,272,10,50,0,6,0,1,1
typo50_real10,274,10,50,0,9,3,1,0
typo50_real10,275,10,50,1,2,0,1,1
typo50_real10,276,10,50,1,5,0,1,1
typo50_real10,277,10,50,1,6,1,1,1
typo50_real10,278,10,50,1,2,4,1,0
typo50_real10,279,10,50,1,4,0,1,1
typo50_real10,280,10,50,0,6,0,1,1
typo50_real10,281,10,50,1,5,0,1,1
typo50_real10,282,10,50,1,5,0,1,1
typo50_real10,283,10,50,1,8,1,1,0
typo50_real10,284,10,50,1,5,0,1,1
typo50_real10,285,10,50,1,5,0,1,1
typo50_real10,286,10,50,1,4,0,1,1
typo50_real10,287,10,50,1,5,1,1,0
typo50_real10,288,10,50,0,9,1,1,1
typo50_real10,289,10,50,0,8,2,0,1
typo50_real10,290,10,50,1,8,1,1,1
typo50_real10,291,10,50,0,9,2,1,1
typo50_real10,292,10,50,1,2,0,1,1
typo50_real10,293,10,50,1,2,0,1,1
typo50_real10,294,10,50,1,2,0,1,1
typo50_real10,295,10,50,1,6,1,1,1
typo50_real10,296,10,50,0,9,1,1,0
typo50_real10,297,10,50,1,9,2,1,1
typo50_real10,298,10,50,0,6,0,1,1
typo50_real10,299,10,50,0,5,1,1,1
typo50_real10,300,10,50,0,6,2,1,0
typo50_real10,302,10,50,1,8,2,1,1
typo50_real10,303,10,50,1,8,1,1,1
typo50_real10,304,10,50,1,8,4,1,1
typo50_real10,305,10,50,1,2,0,1,1
typo50_real10,306,10,50,0,8,1,1,1
typo50_real10,307,10,50,1,9,2,1,1
typo50_real10,308,10,50,1,2,0,1,1
typo50_real10,309,10,50,1,8,1,1,1
typo50_real10,311,10,50,1,2,0,1,1
typo50_real10,312,10,50,1,2,0,1,1
typo50_real10,313,10,50,1,2,0,1,1
typo50_real10,314,10,50,0,9,4,1,1
typo50_real10,316,10,50,0,7,1,1,0
typo50_real10,317,10,50,1,8,1,1,1
typo50_real10,318,10,50,0,6,0,1,1
typo50_real10,319,10,50,1,8,2,1,1
typo50_real10,320,10,50,0,8,4,1,0
typo50_real10,321,10,50,1,5,0,1,1
typo50_real10,322,10,50,1,9,1,1,1
typo50_real10,323,10,50,1,2,0,1,1
typo50_real10,324,10,50,1,6,0,1,1
typo50_real10,325,10,50,1,5,1,1,1
typo50_real10,326,10,50,1,5,0,1,1
typo50_real10,327,10,50,0,6,0,1,1
typo50_real10,328,10,50,0,8,4,1,1
typo50_real10,329,10,50,0,2,0,1,1
typo50_real10,330,10,50,1,8,1,0,1
typo50_real10,331,10,50,0,2,0,1,1
typo50_real10,332,10,50,1,2,1,1,0
typo50_real10,333,10,50,1,6,0,1,1
typo50_real10,334,10,50,1,8,1,0,1
typo50_real10,335,10,50,1,5,0,1,1
typo50_real10,336,10,50,1,2,0,1,1
typo50_real10,337,10,50,1,6,1,0,1
typo50_real10,338,10,50,1,0,0,1,1
typo50_real10,339,10,50,0,2,0,1,1
typo50_real10,340,10,50,1,2,0,1,1
typo50_real10,341,10,50,1,6,0,1,1
typo50_real10,342,10,50,1,2,0,1,1
typo50_real10,343,10,50,1,6,0,1,1
typo50_real10,344,10,50,1,6,2,1,1
typo50_real10,345,10,50,1,2,0,1,1
typo50_real10,346,10,50,0,9,1,1,1
typo50_real10,347,10,50,1,2,1,1,1
typo50_real10,348,10,50,1,2,0,1,1
typo50_real10,349,10,50,1,9,0,1,1
typo50_real10,350,10,50,1,5,0,1,1
typo50_real10,351,10,50,1,2,1,1,0
typo50_real10,352,10,50,0,5,1,1,1
typo50_real10,353,10,50,1,5,1,1,1
typo50_real10,354,10,50,1,8,1,0,1
typo50_real10,355,10,50,0,8,4,1,0
typo50_real10,356,10,50,1,8,1,1,1
typo50_real10,357,10,50,1,2,0,1,1
typo50_real10,358,10,50,1,6,1,1,1
typo50_real10,359,10,50,0,8,2,1,1
typo50_real10,360,10,50,1,3,0,1,1
typo50_real10,361,10,50,1,0,0,1,1
typo50_real10,362,10,50,1,6,1,1,1
typo50_real10,363,10,50,1,6,0,1,1
typo50_real10,364,10,50,1,5,0,1,1
typo50_real10,365,10,50,1,6,1,1,0
typo50_real10,366,10,50,1,2,0,1,1
typo50_real10,368,10,50,1,2,0,1,1
typo50_real10,369,10,50,1,2,0,1,1
typo50_real10,370,10,50,1,3,0,1,1
typo50_real10,371,10,50,1,3,0,1,1
typo50_real10,373,10,50,1,2,0,1,1
typo50_real10,374,10,50,1,5,0,1,1
typo50_real10,375,10,50,1,2,0,1,1
typo50_real10,377,10,50,1,2,0,1,1
typo50_real10,378,10,50,1,6,0,0,1
typo50_real10,379,10,50,1,3,0,1,1
typo50_real10,380,10,50,1,9,1,1,1
typo50_real10,381,10,50,1,8,2,1,0
typo50_real10,382,10,50,1,2,0,1,1
typo50_real10,383,10,50,1,9,1,0,1
typo50_real10,384,10,50,1,6,1,0,1
typo50_real10,385,10,50,1,7,1,1,1
typo50_real10,386,10,50,1,5,0,1,1
typo50_real10,387,10,50,1,2,0,1,1
typo50_real10,388,10,50,1,6,1,1,1
typo50_real10,389,10,50,1,8,4,1,1
typo50_real10,390,10,50,0,9,2,1,1
typo50_real10,391,10,50,1,7,1,1,1
typo50_real10,392,10,50,1,6,2,1,1
typo50_real10,393,10,50,1,9,2,1,0
typo50_real10,394,10,50,1,6,1,1,1
typo50_real10,395,10,50,1,5,0,1,1
typo50_real10,396,10,50,1,2,0,1,1
typo50_real10,397,10,50,1,2,0,1,1
typo50_real10,398,10,50,1,5,0,1,1
typo50_real10,399,10,50,1,6,1,1,0
typo50_real10,400,10,50,0,10,1,0,1
typo50_real10,401,10,50,1,7,2,1,1
typo50_real10,402,10,50,1,6,0,1,1
typo50_real10,403,10,50,1,5,0,1,1
typo50_real10,404,10,50,1,6,0,1,1
typo50_real10,405,10,50,1,2,0,1,1
typo50_real10,407,10,50,0,6,1,0,1
typo50_real10,408,10,50,1,6,2,1,0
typo50_real10,409,10,50,1,2,0,1,1
typo50_real10,410,10,50,1,8,4,1,1
typo50_real10,411,10,50,1,6,1,1,1
typo50_real10,412,10,50,1,8,2,1,0
typo50_real10,413,10,50,1,2,0,1,1
typo50_real10,414,10,50,0,7,1,1,1
typo50_real10,415,10,50,1,4,0,1,1
typo50_real10,416,10,50,1,5,0,1,1
typo50_real10,417,10,50,1,8,2,1,1
typo50_real10,418,10,50,1,5,0,1,1
typo50_real10,419,10,50,1,2,0,1,1
typo50_real10,420,10,50,1,6,2,1,0
typo50_real10,421,10,50,1,8,2,1,0
typo50_real10,422,10,50,1,6,0,1,1
typo50_real10,423,10,50,1,6,1,1,1
typo50_real10,424,10,50,1,6,1,1,0
typo50_real10,425,10,50,0,8,0,1,1
typo50_real10,426,10,50,1,8,1,1,1
typo50_real10,427,10,50,1,2,0,1,1
typo50_real10,428,10,50,1,6,1,1,1
typo50_real10,429,10,50,1,5,1,1,1
typo50_real10,430,10,50,1,8,1,1,1
typo50_real10,431,10,50,1,8,2,1,1
typo50_real10,432,10,50,1,2,0,1,1
typo50_real10,433,10,50,1,7,2,1,1
typo50_real10,434,10,50,1,8,1,1,1
typo50_real10,435,10,50,1,5,2,1,1
typo50_real10,436,10,50,1,8,1,1,1
typo50_real10,437,10,50,1,2,0,1,1
typo50_real10,438,10,50,0,5,1,1,1
typo50_real10,439,10,50,1,8,1,1,1
typo50_real10,440,10,50,1,3,0,1,1
typo50_real10,441,10,50,1,5,1,1,1
typo50_real10,442,10,50,1,9,2,1,1
typo50_real10,443,10,50,1,6,0,1,1
typo50_real10,444,10,50,0,9,1,1,1
typo50_real10,445,10,50,1,2,0,1,1
typo50_real10,446,10,50,1,6,0,1,1
typo50_real10,447,10,50,1,6,1,1,1
typo50_real10,448,10,50,1,8,1,1,0
typo50_real10,449,10,50,0,5,0,1,1
typo50_real10,450,10,50,1,5,0,1,1
typo50_real10,451,10,50,1,2,0,1,0
typo50_real10,452,10,50,1,0,0,1,1
typo50_real10,454,10,50,1,6,1,1,1
typo50_real10,455,10,50,1,6,0,1,1
typo50_real10,456,10,50,1,6,0,0,1
typo50_real10,457,10,50,1,4,2,1,0
typo50_real10,458,10,50,0,2,1,1,1
typo50_real10,459,10,50,1,2,0,1,1
typo50_real10,460,10,50,1,5,0,1,1
typo50_real10,461,10,50,1,8,4,1,1
typo50_real10,462,10,50,0,9,2,1,1
typo50_real10,463,10,50,1,5,0,1,1
typo50_real10,464,10,50,1,6,0,1,1
typo50_real10,465,10,50,1,4,1,1,1
typo50_real10,466,10,50,0,6,1,1,1
typo50_real10,467,10,50,1,2,0,1,1
typo50_real10,468,10,50,1,9,1,1,1
typo50_real10,469,10,50,1,0,0,1,1
typo50_real10,470,10,50,1,8,4,0,0
typo50_real10,471,10,50,1,8,1,1,1
typo50_real10,472,10,50,1,3,0,1,1
typo50_real10,473,10,50,1,5,0,1,1
typo50_real10,474,10,50,1,6,1,1,1
typo50_real10,475,10,50,1,2,0,1,1
typo50_real10,476,10,50,1,2,1,0,0
typo50_real10,477,10,50,1,8,1,1,1
typo50_real10,478,10,50,1,5,0,1,1
typo50_real10,479,10,50,1,8,1,1,1
typo50_real10,480,10,50,1,6,0,1,1
typo50_real10,481,10,50,1,2,1,1,1
typo50_real10,482,10,50,1,5,0,1,1
typo50_real10,483,10,50,1,2,0,1,1
typo50_real10,484,10,50,1,2,0,1,1
typo50_real10,485,10,50,1,5,0,1,1
typo50_real10,486,10,50,1,2,0,1,1
typo50_real10,487,10,50,1,6,1,1,1
typo50_real10,488,10,50,1,8,1,1,1
typo50_real10,489,10,50,1,3,0,1,1
typo50_real10,490,10,50,1,6,0,1,1
typo50_real10,491,10,50,1,6,3,1,0
typo50_real10,492,10,50,1,4,1,1,1
typo50_real10,493,10,50,1,2,0,1,1
typo50_real10,494,10,50,1,6,0,1,1
typo50_real10,495,10,50,1,2,0,1,1
typo50_real10,496,10,50,1,6,0,1,1
typo50_real10,497,10,50,1,6,0,1,1
typo50_real10,498,10,50,1,9,4,1,1
typo50_real10,499,10,50,1,9,2,0,1
typo50_real40,1,40,50,1,5,0,1,1
typo50_real40,3,40,50,1,2,0,1,1
typo50_real40,5,40,50,0,5,2,1,1
typo50_real40,6,40,50,1,8,1,1,1
typo50_real40,7,40,50,0,4,1,1,1
typo50_real40,8,40,50,0,9,1,0,1
typo50_real40,9,40,50,1,8,1,1,1
typo50_real40,11,40,50,1,4,0,1,1
typo50_real40,14,40,50,1,8,1,0,0
typo50_real40,15,40,50,1,2,0,1,1
typo50_real40,16,40,50,1,1,0,1,1
typo50_real40,17,40,50,1,6,1,1,0
typo50_real40,18,40,50,1,2,1,1,1
typo50_real40,19,40,50,0,2,0,1,1
typo50_real40,20,40,50,1,6,2,1,1
typo50_real40,21,40,50,1,3,0,1,1
typo50_real40,22,40,50,0,9,1,1,0
typo50_real40,23,40,50,1,2,0,1,1
typo50_real40,28,40,50,1,5,2,1,1
typo50_real40,29,40,50,1,8,2,1,0
typo50_real40,30,40,50,1,5,0,1,1
typo50_real40,32,40,50,1,2,0,1,1
typo50_real40,33,40,50,1,1,0,1,1
typo50_real40,34,40,50,1,2,1,1,1
typo50_real40,35,40,50,1,9,2,1,1
typo50_real40,38,40,50,1,2,0,1,1
typo50_real40,39,40,50,1,5,1,1,1
typo50_real40,42,40,50,1,8,0,0,1
typo50_real40,43,40,50,1,2,0,1,1
typo50_real40,44,40,50,1,3,0,1,1
typo50_real40,45,40,50,1,6,0,1,1
typo50_real40,46,40,50,1,2,0,1,1
typo50_real40,47,40,50,1,0,0,1,1
typo50_real40,48,40,50,1,6,1,1,1
typo50_real40,49,40,50,0,6,2,1,1
typo50_real40,51,40,50,1,6,2,1,0
typo50_real40,52,40,50,1,5,0,1,1
typo50_real40,55,40,50,1,2,0,1,1
typo50_real40,56,40,50,0,6,0,1,1
typo50_real40,57,40,50,1,5,0,1,1
typo50_real40,58,40,50,1,2,0,1,1
typo50_real40,59,40,50,1,2,0,1,1
typo50_real40,60,40,50,1,2,0,1,1
typo50_real40,61,40,50,1,5,2,1,1
typo50_real40,62,40,50,1,0,0,1,1
typo50_real40,63,40,50,1,2,0,1,1
typo50_real40,64,40,50,0,9,2,1,1
typo50_real40,65,40,50,1,5,0,1,1
typo50_real40,66,40,50,1,2,0,1,1
typo50_real40,67,40,50,0,9,2,1,1
typo50_real40,69,40,50,1,9,1,1,1
typo50_real40,70,40,50,1,8,3,1,1
typo50_real40,71,40,50,1,2,0,1,1
typo50_real40,72,40,50,0,8,1,1,1
typo50_real40,75,40,50,1,2,1,1,1
typo50_real40,76,40,50,1,2,0,1,1
typo50_real40,79,40,50,1,9,2,1,1
typo50_real40,80,40,50,1,2,0,1,1
typo50_real40,82,40,50,1,6,1,1,1
typo50_real40,83,40,50,1,6,2,1,1
typo50_real40,84,40,50,1,2,1,1,1
typo50_real40,85,40,50,1,5,2,1,1
typo50_real40,86,40,50,1,5,1,0,1
typo50_real40,87,40,50,1,5,1,1,1
typo50_real40,89,40,50,1,5,0,1,1
typo50_real40,91,40,50,0,2,0,1,1
typo50_real40,92,40,50,0,8,1,1,1
typo50_real40,93,40,50,1,1,0,1,1
typo50_real40,95,40,50,1,8,2,0,1
typo50_real40,97,40,50,1,5,1,1,1
typo50_real40,98,40,50,1,8,4,1,0
typo50_real40,99,40,50,1,3,0,1,1
typo50_real40,100,40,50,1,5,1,1,1
typo50_real40,101,40,50,1,2,0,1,1
typo50_real40,103,40,50,1,4,0,1,1
typo50_real40,106,40,50,1,8,4,1,1
typo50_real40,107,40,50,0,9,2,1,1
typo50_real40,108,40,50,1,5,2,1,0
typo50_real40,109,40,50,0,9,4,1,0
typo50_real40,110,40,50,1,5,0,1,1
typo50_real40,111,40,50,1,5,0,1,1
typo50_real40,112,40,50,0,8,4,1,1
typo50_real40,113,40,50,1,2,0,1,1
typo50_real40,114,40,50,1,6,0,1,1
typo50_real40,115,40,50,1,8,4,0,0
typo50_real40,116,40,50,1,8,2,1,1
typo50_real40,118,40,50,1,2,0,1,1
typo50_real40,119,40,50,1,5,0,1,1
typo50_real40,120,40,50,1,8,3,1,1
typo50_real40,121,40,50,1,5,1,1,1
typo50_real40,122,40,50,1,8,3,1,1
typo50_real40,124,40,50,1,5,1,1,0
typo50_real40,125,40,50,1,6,0,1,1
typo50_real40,127,40,50,1,6,0,1,1
typo50_real40,128,40,50,0,8,1,1,1
typo50_real40,129,40,50,0,6,0,1,1
typo50_real40,130,40,50,1,2,0,1,1
typo50_real40,131,40,50,1,6,1,1,1
typo50_real40,132,40,50,1,8,1,1,0
typo50_real40,133,40,50,1,6,2,1,1
typo50_real40,134,40,50,1,2,0,1,1
typo50_real40,135,40,50,1,9,2,1,0
typo50_real40,136,40,50,1,0,0,1,1
typo50_real40,137,40,50,1,2,0,1,1
typo50_real40,138,40,50,0,9,2,1,1
typo50_real40,139,40,50,1,5,0,1,1
typo50_real40,140,40,50,1,2,0,1,1
typo50_real40,141,40,50,1,6,1,1,1
typo50_real40,142,40,50,0,8,1,1,1
typo50_real40,143,40,50,1,4,0,1,1
typo50_real40,144,40,50,1,5,0,1,1
typo50_real40,145,40,50,0,2,0,1,1
typo50_real40,146,40,50,1,6,2,1,0
typo50_real40,147,40,50,1,9,4,1,1
typo50_real40,148,40,50,1,2,0,1,1
typo50_real40,149,40,50,1,9,2,1,0
typo50_real40,150,40,50,0,8,2,1,0
typo50_real40,151,40,50,0,8,4,1,1
typo50_real40,152,40,50,0,2,0,1,1
typo50_real40,153,40,50,0,6,1,1,1
typo50_real40,154,40,50,1,1,0,1,1
typo50_real40,155,40,50,0,9,4,1,1
typo50_real40,156,40,50,1,2,0,1,1
typo50_real40,157,40,50,1,2,1,1,0
typo50_real40,158,40,50,1,5,1,1,0
typo50_real40,159,40,50,1,5,0,1,1
typo50_real40,160,40,50,1,8,0,1,1
typo50_real40,161,40,50,1,6,1,0,1
typo50_real40,162,40,50,0,8,2,1,0
typo50_real40,163,40,50,1,2,0,1,1
typo50_real40,164,40,50,1,5,1,1,0
typo50_real40,165,40,50,1,5,1,1,1
typo50_real40,167,40,50,0,8,2,1,1
typo50_real40,168,40,50,1,2,0,1,1
typo50_real40,169,40,50,1,2,0,1,1
typo50_real40,170,40,50,1,8,1,1,1
typo50_real40,171,40,50,1,8,2,1,0
typo50_real40,172,40,50,1,8,2,1,1
typo50_real40,173,40,50,1,2,0,1,1
typo50_real40,174,40,50,1,3,0,1,1
typo50_real40,175,40,50,1,6,1,1,1
typo50_real40,176,40,50,0,6,1,1,1
typo50_real40,177,40,50,1,2,0,1,1
typo50_real40,178,40,50,1,8,2,1,1
typo50_real40,179,40,50,1,5,3,1,0
typo50_real40,180,40,50,1,6,1,1,1
typo50_real40,182,40,50,1,5,1,1,1
typo50_real40,183,40,50,1,6,1,1,0
typo50_real40,184,40,50,1,6,0,1,1
typo50_real40,185,40,50,1,6,1,1,1
typo50_real40,186,40,50,1,2,0,1,1
typo50_real40,187,40,50,1,1,0,1,1
typo50_real40,188,40,50,0,9,1,1,1
typo50_real40,189,40,50,0,5,1,1,0
typo50_real40,190,40,50,1,2,0,0,1
typo50_real40,191,40,50,1,6,0,1,1
typo50_real40,192,40,50,1,2,0,1,1
typo50_real40,193,40,50,1,6,1,1,1
typo50_real40,194,40,50,1,6,0,1,1
typo50_real40,195,40,50,1,8,1,1,1
typo50_real40,196,40,50,1,6,1,1,1
typo50_real40,197,40,50,1,7,4,1,1
typo50_real40,198,40,50,1,9,1,0,1
typo50_real40,199,40,50,1,8,2,1,1
typo50_real40,200,40,50,1,5,0,1,1
typo50_real40,201,40,50,1,2,0,1,1
typo50_real40,202,40,50,1,5,0,1,1
typo50_real40,203,40,50,1,9,2,1,0
typo50_real40,204,40,50,1,5,0,1,1
typo50_real40,205,40,50,1,1,0,1,1
typo50_real40,206,40,50,1,8,2,1,0
typo50_real40,207,40,50,1,8,3,1,1
typo50_real40,208,40,50,0,5,0,1,1
typo50_real40,209,40,50,1,5,0,1,1
typo50_real40,210,40,50,1,5,0,0,1
typo50_real40,211,40,50,1,2,0,1,1
typo50_real40,212,40,50,1,6,1,1,1
typo50_real40,213,40,50,1,1,0,1,1
typo50_real40,214,40,50,1,5,0,1,0
typo50_real40,215,40,50,1,5,0,1,1
typo50_real40,217,40,50,1,0,0,1,1
typo50_real40,218,40,50,1,9,3,1,1
typo50_real40,219,40,50,1,2,0,1,1
typo50_real40,220,40,50,1,8,4,0,0
typo50_real40,221,40,50,0,4,2,1,1
typo50_real40,222,40,50,1,7,0,1,1
typo50_real40,223,40,50,1,5,1,1,0
typo50_real40,224,40,50,1,8,4,1,1
typo50_real40,225,40,50,1,9,2,1,1
typo50_real40,226,40,50,1,5,1,1,1
typo50_real40,227,40,50,0,9,2,1,0
typo50_real40,228,40,50,1,6,1,1,1
typo50_real40,229,40,50,0,9,1,1,1
typo50_real40,230,40,50,1,8,2,1,1
typo50_real40,231,40,50,0,6,4,1,1
typo50_real40,232,40,50,1,5,0,1,1
typo50_real40,233,40,50,0,9,4,1,0
typo50_real40,234,40,50,1,2,0,1,0
typo50_real40,236,40,50,0,9,2,1,1
typo50_real40,237,40,50,1,9,1,1,1
typo50_real40,238,40,50,1,9,2,1,1
typo50_real40,239,40,50,1,6,1,1,1
typo50_real40,240,40,50,1,6,1,1,1
typo50_real40,242,40,50,1,2,0,1,1
typo50_real40,243,40,50,1,5,0,1,1
typo50_real40,244,40,50,1,2,1,1,1
typo50_real40,245,40,50,1,2,0,1,1
typo50_real40,246,40,50,1,6,0,1,1
typo50_real40,248,40,50,1,5,0,1,1
typo50_real40,249,40,50,0,9,2,0,1
typo50_real40,250,40,50,1,9,2,1,1
typo50_real40,251,40,50,1,6,1,1,1
typo50_real40,252,40,50,1,1,1,1,1
typo50_real40,254,40,50,1,5,0,1,1
typo50_real40,255,40,50,1,6,1,1,1
typo50_real40,256,40,50,1,6,1,1,1
typo50_real40,257,40,50,0,8,3,1,1
typo50_real40,258,40,50,1,5,0,1,1
typo50_real40,259,40,50,1,2,0,1,1
typo50_real40,260,40,50,1,4,0,1,1
typo50_real40,261,40,50,1,3,0,1,1
typo50_real40,262,40,50,1,3,0,1,0
typo50_real40,263,40,50,1,2,1,1,1
typo50_real40,264,40,50,1,8,0,1,1
typo50_real40,265,40,50,1,3,0,1,1
typo50_real40,266,40,50,1,8,2,1,1
typo50_real40,267,40,50,1,8,2,1,1
typo50_real40,268,40,50,1,9,2,1,1
typo50_real40,269,40,50,1,2,1,1,1
typo50_real40,270,40,50,1,2,1,1,1
typo50_real40,271,40,50,1,6,1,1,1
typo50_real40,272,40,50,1,8,4,1,0
typo50_real40,273,40,50,1,8,2,1,0
typo50_real40,274,40,50,1,8,3,1,1
typo50_real40,275,40,50,1,2,0,1,1
typo50_real40,276,40,50,1,5,1,1,0
typo50_real40,277,40,50,1,2,0,1,1
typo50_real40,278,40,50,1,6,1,1,1
typo50_real40,279,40,50,1,5,0,1,1
typo50_real40,280,40,50,1,6,1,1,1
typo50_real40,281,40,50,1,8,0,1,1
typo50_real40,282,40,50,1,7,1,1,0
typo50_real40,283,40,50,1,9,4,1,0
typo50_real40,284,40,50,1,5,0,1,1
typo50_real40,285,40,50,1,5,2,1,1
typo50_real40,286,40,50,1,2,0,1,1
typo50_real40,287,40,50,1,6,1,1,1
typo50_real40,288,40,50,1,10,2,0,1
typo50_real40,289,40,50,0,8,4,0,1
typo50_real40,290,40,50,1,6,0,1,1
typo50_real40,291,40,50,0,6,1,1,1
typo50_real40,292,40,50,1,2,0,1,1
typo50_real40,293,40,50,1,2,0,1,1
typo50_real40,294,40,50,1,0,0,1,1
typo50_real40,295,40,50,1,8,1,1,1
typo50_real40,296,40,50,0,9,2,0,0
typo50_real40,297,40,50,1,8,1,1,1
typo50_real40,298,40,50,1,6,1,0,1
typo50_real40,299,40,50,0,8,2,1,1
typo50_real40,300,40,50,1,8,2,1,0
typo50_real40,301,40,50,1,6,0,1,1
typo50_real40,302,40,50,1,9,3,1,1
typo50_real40,303,40,50,1,8,1,0,1
typo50_real40,304,40,50,1,5,0,1,1
typo50_real40,305,40,50,0,5,1,1,0
typo50_real40,306,40,50,0,5,0,1,1
typo50_real40,307,40,50,1,8,4,1,0
typo50_real40,308,40,50,1,5,3,1,0
typo50_real40,309,40,50,1,8,1,1,1
typo50_real40,310,40,50,0,6,1,1,1
typo50_real40,311,40,50,1,5,0,1,1
typo50_real40,312,40,50,1,4,0,1,1
typo50_real40,313,40,50,1,1,0,1,1
typo50_real40,314,40,50,0,8,2,0,0
typo50_real40,315,40,50,1,0,0,1,1
typo50_real40,316,40,50,0,5,0,1,1
typo50_real40,317,40,50,1,6,1,1,1
typo50_real40,319,40,50,1,7,2,1,0
typo50_real40,320,40,50,0,8,3,0,1
typo50_real40,321,40,50,0,8,1,1,1
typo50_real40,322,40,50,1,2,4,1,1
typo50_real40,323,40,50,1,2,0,1,1
typo50_real40,324,40,50,1,2,0,1,1
typo50_real40,325,40,50,1,5,0,1,1
typo50_real40,326,40,50,1,8,2,1,0
typo50_real40,327,40,50,0,8,0,1,1
typo50_real40,328,40,50,0,7,1,1,1
typo50_real40,329,40,50,0,8,3,1,1
typo50_real40,330,40,50,1,7,1,1,1
typo50_real40,331,40,50,0,8,1,1,0
typo50_real40,332,40,50,1,2,0,1,1
typo50_real40,333,40,50,1,6,1,1,1
typo50_real40,334,40,50,1,9,2,1,1
typo50_real40,335,40,50,1,3,0,1,1
typo50_real40,336,40,50,1,0,0,1,1
typo50_real40,337,40,50,1,9,2,1,1
typo50_real40,338,40,50,1,2,0,1,1
typo50_real40,339,40,50,1,2,2,1,1
typo50_real40,340,40,50,1,2,0,1,1
typo50_real40,341,40,50,1,6,3,1,0
typo50_real40,342,40,50,1,2,0,1,1
typo50_real40,343,40,50,1,2,0,1,1
typo50_real40,344,40,50,1,8,2,1,1
typo50_real40,345,40,50,1,0,0,1,1
typo50_real40,347,40,50,1,2,0,1,1
typo50_real40,348,40,50,1,2,0,1,1
typo50_real40,349,40,50,1,4,1,0,0
typo50_real40,350,40,50,1,0,0,1,1
typo50_real40,351,40,50,1,2,1,1,1
typo50_real40,352,40,50,0,5,0,1,1
typo50_real40,353,40,50,1,9,2,1,1
typo50_real40,354,40,50,1,5,0,1,1
typo50_real40,355,40,50,0,9,4,1,0
typo50_real40,356,40,50,1,9,1,1,1
typo50_real40,357,40,50,1,0,0,1,1
typo50_real40,358,40,50,0,2,0,1,1
typo50_real40,359,40,50,1,8,4,1,0
typo50_real40,360,40,50,1,4,1,1,1
typo50_real40,361,40,50,1,2,0,1,1
typo50_real40,362,40,50,1,2,0,1,1
typo50_real40,363,40,50,0,8,1,0,1
typo50_real40,364,40,50,1,5,0,1,1
typo50_real40,365,40,50,1,8,0,1,0
typo50_real40,366,40,50,1,2,0,1,1
typo50_real40,367,40,50,1,5,1,1,0
typo50_real40,368,40,50,1,2,0,1,1
typo50_real40,369,40,50,1,2,0,1,1
typo50_real40,370,40,50,1,5,0,1,1
typo50_real40,371,40,50,1,5,0,1,1
typo50_real40,372,40,50,0,9,1,0,1
typo50_real40,373,40,50,1,2,0,1,1
typo50_real40,374,40,50,1,2,0,1,1
typo50_real40,376,40,50,0,6,1,1,1
typo50_real40,377,40,50,1,2,0,1,1
typo50_real40,378,40,50,1,8,2,1,0
typo50_real40,379,40,50,1,3,0,1,1
typo50_real40,380,40,50,1,9,2,0,1
typo50_real40,381,40,50,1,2,1,1,1
typo50_real40,382,40,50,1,5,0,1,1
typo50_real40,383,40,50,0,9,1,1,0
typo50_real40,384,40,50,1,7,1,1,1
typo50_real40,385,40,50,1,6,1,1,0
typo50_real40,386,40,50,1,5,0,1,1
typo50_real40,387,40,50,1,6,1,1,1
typo50_real40,388,40,50,1,5,1,1,1
typo50_real40,389,40,50,1,9,2,1,1
typo50_real40,390,40,50,1,8,2,1,1
typo50_real40,391,40,50,1,8,1,0,1
typo50_real40,392,40,50,1,9,2,1,1
typo50_real40,393,40,50,1,8,2,1,1
typo50_real40,394,40,50,1,8,1,1,1
typo50_real40,395,40,50,1,6,1,1,1
typo50_real40,396,40,50,1,6,1,1,1
typo50_real40,397,40,50,1,5,2,1,0
typo50_real40,398,40,50,1,5,0,1,1
typo50_real40,399,40,50,1,8,2,1,0
typo50_real40,400,40,50,1,2,0,1,1
typo50_real40,401,40,50,0,4,1,1,1
typo50_real40,402,40,50,1,5,0,1,1
typo50_real40,403,40,50,1,8,3,1,1
typo50_real40,404,40,50,1,6,1,1,1
typo50_real40,405,40,50,0,9,2,0,1
typo50_real40,406,40,50,0,6,0,0,1
typo50_real40,407,40,50,0,6,0,1,1
typo50_real40,408,40,50,1,2,0,1,1
typo50_real40,409,40,50,1,2,0,1,1
typo50_real40,410,40,50,1,8,4,1,1
typo50_real40,411,40,50,0,7,2,1,0
typo50_real40,412,40,50,1,8,1,1,1
typo50_real40,413,40,50,1,6,1,1,1
typo50_real40,414,40,50,1,2,4,1,1
typo50_real40,415,40,50,0,8,2,1,1
typo50_real40,416,40,50,1,5,0,1,1
typo50_real40,417,40,50,1,2,0,1,1
typo50_real40,418,40,50,1,2,0,1,1
typo50_real40,419,40,50,1,5,0,1,1
typo50_real40,420,40,50,1,5,0,1,1
typo50_real40,421,40,50,0,8,1,0,1
typo50_real40,422,40,50,0,9,1,1,1
typo50_real40,423,40,50,1,6,0,1,1
typo50_real40,424,40,50,1,5,0,1,1
typo50_real40,425,40,50,1,5,0,1,1
typo50_real40,426,40,50,1,2,0,1,1
typo50_real40,427,40,50,1,2,1,1,1
typo50_real40,428,40,50,1,5,2,1,1
typo50_real40,429,40,50,1,5,1,1,1
typo50_real40,430,40,50,1,6,0,1,1
typo50_real40,431,40,50,1,5,2,1,1
typo50_real40,432,40,50,1,2,0,1,1
typo50_real40,433,40,50,1,8,4,1,1
typo50_real40,434,40,50,1,6,4,1,1
typo50_real40,435,40,50,1,6,2,1,0
typo50_real40,436,40,50,1,8,0,1,1
typo50_real40,437,40,50,1,0,0,1,1
typo50_real40,438,40,50,1,9,2,1,1
typo50_real40,439,40,50,1,6,0,1,1
typo50_real40,440,40,50,1,2,1,1,1
typo50_real40,441,40,50,1,8,2,1,1
typo50_real40,442,40,50,1,2,0,1,1
typo50_real40,443,40,50,1,5,1,1,1
typo50_real40,444,40,50,1,5,0,1,1
typo50_real40,445,40,50,1,2,0,1,1
typo50_real40,446,40,50,1,4,0,1,1
typo50_real40,447,40,50,1,5,0,1,1
typo50_real40,448,40,50,0,8,2,1,1
typo50_real40,449,40,50,0,0,0,1,1
typo50_real40,450,40,50,1,6,2,0,0
typo50_real40,451,40,50,1,5,1,1,1
typo50_real40,452,40,50,1,0,0,1,1
typo50_real40,453,40,50,1,5,1,1,1
typo50_real40,454,40,50,1,6,1,1,1
typo50_real40,455,40,50,1,5,2,1,1
typo50_real40,456,40,50,0,8,2,1,0
typo50_real40,457,40,50,1,2,1,1,0
typo50_real40,458,40,50,0,2,0,1,1
typo50_real40,459,40,50,1,6,2,1,0
typo50_real40,460,40,50,1,8,4,1,0
typo50_real40,461,40,50,1,8,4,1,1
typo50_real40,463,40,50,1,1,0,1,1
typo50_real40,464,40,50,1,0,0,1,1
typo50_real40,465,40,50,1,5,0,1,1
typo50_real40,466,40,50,1,8,2,1,1
typo50_real40,467,40,50,1,2,0,0,1
typo50_real40,468,40,50,1,8,1,1,1
typo50_real40,469,40,50,1,0,0,1,1
typo50_real40,470,40,50,1,7,0,1,0
typo50_real40,471,40,50,0,6,0,1,1
typo50_real40,472,40,50,1,2,0,1,1
typo50_real40,474,40,50,1,5,1,1,1
typo50_real40,475,40,50,1,2,0,1,1
typo50_real40,476,40,50,1,2,2,1,1
typo50_real40,477,40,50,1,8,2,1,1
typo50_real40,478,40,50,1,5,0,1,1
typo50_real40,479,40,50,0,9,2,1,1
typo50_real40,480,40,50,1,6,0,1,1
typo50_real40,481,40,50,1,6,3,0,1
typo50_real40,482,40,50,1,5,0,1,1
typo50_real40,483,40,50,1,0,0,1,1
typo50_real40,484,40,50,1,2,0,1,1
typo50_real40,485,40,50,1,2,0,1,1
typo50_real40,486,40,50,1,8,2,1,0
typo50_real40,487,40,50,1,6,1,1,1
typo50_real40,488,40,50,1,6,0,1,1
typo50_real40,489,40,50,1,2,0,1,1
typo50_real40,490,40,50,1,6,4,1,1
typo50_real40,491,40,50,1,6,3,1,1
typo50_real40,492,40,50,1,6,1,1,1
typo50_real40,493,40,50,1,5,2,1,0
typo50_real40,494,40,50,1,8,2,1,0
typo50_real40,495,40,50,1,2,0,1,1
typo50_real40,496,40,50,1,8,2,1,0
typo50_real40,497,40,50,1,6,1,1,1
typo50_real40,498,40,50,1,6,1,1,1
typo50_real40,499,40,50,1,6,1,1,1
typo50_real70,0,70,50,1,8,0,1,1
typo50_real70,1,70,50,1,5,0,1,1
typo50_real70,2,70,50,1,2,0,1,1
typo50_real70,3,70,50,1,2,0,1,1
typo50_real70,4,70,50,1,6,1,1,1
typo50_real70,5,70,50,0,6,2,1,0
typo50_real70,6,70,50,1,9,2,1,1
typo50_real70,7,70,50,0,5,1,1,1
typo50_real70,8,70,50,0,9,1,0,1
typo50_real70,9,70,50,1,8,1,1,0
typo50_real70,10,70,50,1,8,2,1,0
typo50_real70,11,70,50,1,2,0,1,1
typo50_real70,12,70,50,0,9,4,1,0
typo50_real70,13,70,50,1,2,0,1,1
typo50_real70,15,70,50,1,5,0,1,1
typo50_real70,16,70,50,1,6,2,1,1
typo50_real70,17,70,50,1,2,0,1,1
typo50_real70,18,70,50,1,8,2,1,1
typo50_real70,19,70,50,0,6,2,1,0
typo50_real70,20,70,50,1,6,3,1,1
typo50_real70,21,70,50,1,6,2,1,1
typo50_real70,22,70,50,1,9,1,1,1
typo50_real70,23,70,50,1,5,0,1,1
typo50_real70,24,70,50,0,8,4,1,0
typo50_real70,26,70,50,1,6,1,1,1
typo50_real70,27,70,50,1,8,4,1,1
typo50_real70,28,70,50,0,9,2,0,0
typo50_real70,29,70,50,1,6,2,1,1
typo50_real70,30,70,50,1,2,0,1,1
typo50_real70,31,70,50,1,6,1,1,0
typo50_real70,32,70,50,1,2,0,1,1
typo50_real70,33,70,50,1,2,0,1,1
typo50_real70,34,70,50,1,8,4,1,0
typo50_real70,35,70,50,1,7,2,1,1
typo50_real70,36,70,50,1,6,0,1,1
typo50_real70,37,70,50,1,2,0,1,1
typo50_real70,38,70,50,1,2,0,1,1
typo50_real70,39,70,50,1,6,1,1,1
typo50_real70,40,70,50,1,7,2,0,1
typo50_real70,41,70,50,1,8,1,0,1
typo50_real70,42,70,50,1,8,1,1,1
typo50_real70,43,70,50,1,2,0,1,1
typo50_real70,44,70,50,1,2,0,1,1
typo50_real70,45,70,50,1,4,0,1,1
typo50_real70,46,70,50,1,8,1,1,0
typo50_real70,47,70,50,1,2,0,1,1
typo50_real70,48,70,50,1,6,1,1,0
typo50_real70,49,70,50,1,6,2,1,1
typo50_real70,50,70,50,1,9,1,0,1
typo50_real70,51,70,50,1,6,2,1,1
typo50_real70,52,70,50,1,5,4,1,1
typo50_real70,53,70,50,1,2,0,1,1
typo50_real70,54,70,50,0,8,2,1,1
typo50_real70,55,70,50,1,8,2,1,1
typo50_real70,56,70,50,0,1,0,1,1
typo50_real70,57,70,50,1,1,1,1,1
typo50_real70,58,70,50,1,2,0,1,1
typo50_real70,59,70,50,1,2,0,1,1
typo50_real70,60,70,50,1,2,0,1,1
typo50_real70,61,70,50,0,9,5,0,1
typo50_real70,62,70,50,1,2,1,1,0
typo50_real70,63,70,50,1,5,2,1,1
typo50_real70,64,70,50,0,8,2,1,1
typo50_real70,65,70,50,1,2,0,1,1
typo50_real70,66,70,50,1,5,0,1,1
typo50_real70,67,70,50,0,7,1,1,1
typo50_real70,68,70,50,0,8,4,1,0
typo50_real70,69,70,50,1,9,1,1,1
typo50_real70,70,70,50,0,8,2,1,1
typo50_real70,71,70,50,1,8,1,1,1
typo50_real70,72,70,50,0,8,3,1,1
typo50_real70,73,70,50,1,8,2,1,1
typo50_real70,74,70,50,1,5,0,1,1
typo50_real70,75,70,50,1,8,1,1,1
typo50_real70,76,70,50,1,0,0,1,1
typo50_real70,77,70,50,1,9,2,1,1
typo50_real70,78,70,50,1,5,0,0,1
typo50_real70,79,70,50,0,9,0,1,1
typo50_real70,80,70,50,1,4,1,1,1
typo50_real70,81,70,50,1,9,2,1,0
typo50_real70,82,70,50,1,4,2,1,0
typo50_real70,83,70,50,1,2,2,1,0
typo50_real70,84,70,50,1,2,0,1,1
typo50_real70,85,70,50,1,2,1,1,0
typo50_real70,86,70,50,1,6,1,1,1
typo50_real70,87,70,50,0,9,2,1,0
typo50_real70,88,70,50,1,9,4,0,1
typo50_real70,89,70,50,1,8,2,1,0
typo50_real70,90,70,50,1,9,4,1,1
typo50_real70,91,70,50,1,8,4,1,1
typo50_real70,92,70,50,0,8,2,0,0
typo50_real70,93,70,50,1,6,2,1,1
typo50_real70,94,70,50,1,2,0,1,1
typo50_real70,95,70,50,0,6,2,1,1
typo50_real70,96,70,50,1,5,4,1,1
typo50_real70,97,70,50,1,2,2,1,1
typo50_real70,98,70,50,1,2,0,1,1
typo50_real70,99,70,50,1,2,0,1,1
typo50_real70,100,70,50,1,5,3,1,0
typo50_real70,101,70,50,1,8,0,1,1
typo50_real70,103,70,50,1,6,1,1,0
typo50_real70,104,70,50,1,2,0,1,1
typo50_real70,105,70,50,0,2,0,1,1
typo50_real70,106,70,50,1,2,1,0,1
typo50_real70,107,70,50,0,9,3,1,1
typo50_real70,108,70,50,1,8,2,1,1
typo50_real70,109,70,50,1,9,4,0,0
typo50_real70,110,70,50,1,5,2,1,0
typo50_real70,111,70,50,1,2,0,1,1
typo50_real70,112,70,50,1,6,2,1,1
typo50_real70,113,70,50,1,2,0,1,1
typo50_real70,114,70,50,1,2,0,0,1
typo50_real70,115,70,50,1,2,1,1,1
typo50_real70,116,70,50,1,5,2,1,1
typo50_real70,117,70,50,1,8,2,1,1
typo50_real70,118,70,50,1,2,0,1,1
typo50_real70,119,70,50,1,5,0,1,1
typo50_real70,120,70,50,1,6,1,1,1
typo50_real70,121,70,50,1,5,2,1,1
typo50_real70,122,70,50,1,9,3,0,1
typo50_real70,123,70,50,1,6,1,1,1
typo50_real70,124,70,50,1,8,2,1,0
typo50_real70,125,70,50,0,9,1,1,1
typo50_real70,126,70,50,0,9,1,1,1
typo50_real70,127,70,50,1,4,0,1,1
typo50_real70,128,70,50,0,7,1,1,1
typo50_real70,129,70,50,0,8,1,0,1
typo50_real70,130,70,50,1,4,0,1,1
typo50_real70,131,70,50,1,2,1,1,1
typo50_real70,132,70,50,1,8,1,1,0
typo50_real70,134,70,50,1,5,0,1,1
typo50_real70,135,70,50,1,2,0,1,1
typo50_real70,136,70,50,1,2,0,1,1
typo50_real70,137,70,50,1,2,1,1,1
typo50_real70,138,70,50,0,8,2,1,1
typo50_real70,139,70,50,1,2,3,1,1
typo50_real70,140,70,50,0,9,3,1,0
typo50_real70,141,70,50,0,9,2,1,0
typo50_real70,142,70,50,0,2,0,1,1
typo50_real70,143,70,50,1,5,0,0,1
typo50_real70,144,70,50,1,5,0,1,1
typo50_real70,146,70,50,1,8,1,1,1
typo50_real70,147,70,50,1,5,0,1,1
typo50_real70,148,70,50,1,1,0,1,1
typo50_real70,149,70,50,1,9,4,1,0
typo50_real70,150,70,50,1,6,1,1,1
typo50_real70,151,70,50,1,7,3,0,1
typo50_real70,152,70,50,0,6,1,1,1
typo50_real70,153,70,50,1,9,1,1,1
typo50_real70,154,70,50,1,1,0,1,1
typo50_real70,155,70,50,1,5,0,1,1
typo50_real70,156,70,50,1,0,0,1,1
typo50_real70,157,70,50,1,2,1,1,1
typo50_real70,158,70,50,1,2,0,1,1
typo50_real70,159,70,50,1,0,0,1,1
typo50_real70,160,70,50,1,6,0,1,1
typo50_real70,161,70,50,1,8,1,1,1
typo50_real70,162,70,50,0,9,2,1,1
typo50_real70,163,70,50,1,5,0,1,1
typo50_real70,164,70,50,1,2,0,1,1
typo50_real70,165,70,50,1,6,1,1,1
typo50_real70,166,70,50,1,6,0,1,1
typo50_real70,167,70,50,0,9,3,1,1
typo50_real70,168,70,50,1,2,0,1,1
typo50_real70,169,70,50,1,3,0,1,1
typo50_real70,170,70,50,1,6,2,1,0
typo50_real70,171,70,50,0,9,1,1,1
typo50_real70,172,70,50,1,9,2,1,1
typo50_real70,173,70,50,1,2,0,1,1
typo50_real70,174,70,50,1,6,2,1,1
typo50_real70,175,70,50,0,2,0,1,0
typo50_real70,176,70,50,1,6,1,1,1
typo50_real70,177,70,50,1,2,0,1,1
typo50_real70,178,70,50,1,8,3,1,1
typo50_real70,179,70,50,1,2,2,1,0
typo50_real70,180,70,50,1,5,1,1,1
typo50_real70,181,70,50,1,9,2,1,1
typo50_real70,182,70,50,1,5,2,1,1
typo50_real70,183,70,50,1,8,3,1,1
typo50_real70,184,70,50,1,8,2,1,1
typo50_real70,185,70,50,1,8,0,0,1
typo50_real70,186,70,50,1,2,0,1,1
typo50_real70,187,70,50,1,2,1,1,1
typo50_real70,188,70,50,1,5,1,1,1
typo50_real70,190,70,50,1,8,1,1,1
typo50_real70,191,70,50,1,8,4,0,1
typo50_real70,192,70,50,1,2,0,1,1
typo50_real70,193,70,50,1,6,2,1,1
typo50_real70,194,70,50,1,8,4,1,0
typo50_real70,195,70,50,1,8,2,0,1
typo50_real70,196,70,50,1,6,0,1,1
typo50_real70,197,70,50,1,8,4,1,1
typo50_real70,198,70,50,0,8,4,0,0
typo50_real70,199,70,50,1,9,2,1,1
typo50_real70,200,70,50,1,2,0,1,1
typo50_real70,201,70,50,1,8,4,1,1
typo50_real70,202,70,50,1,5,0,1,1
typo50_real70,203,70,50,1,7,1,1,1
typo50_real70,204,70,50,1,5,0,1,1
typo50_real70,205,70,50,0,8,2,1,1
typo50_real70,206,70,50,1,6,0,1,1
typo50_real70,207,70,50,0,9,4,1,1
typo50_real70,208,70,50,0,6,0,1,1
typo50_real70,209,70,50,1,2,0,1,1
typo50_real70,210,70,50,1,2,0,1,1
typo50_real70,211,70,50,1,2,1,1,1
typo50_real70,212,70,50,1,8,4,1,0
typo50_real70,213,70,50,1,6,0,1,1
typo50_real70,214,70,50,1,6,2,1,1
typo50_real70,215,70,50,1,2,0,1,1
typo50_real70,216,70,50,0,9,4,1,0
typo50_real70,217,70,50,1,2,3,1,0
typo50_real70,218,70,50,1,9,1,1,1
typo50_real70,219,70,50,1,2,0,1,1
typo50_real70,220,70,50,1,2,3,1,0
typo50_real70,221,70,50,0,4,1,1,1
typo50_real70,222,70,50,1,5,0,1,1
typo50_real70,223,70,50,1,6,1,0,0
typo50_real70,224,70,50,1,9,5,1,1
typo50_real70,225,70,50,1,6,1,1,0
typo50_real70,226,70,50,1,3,0,1,1
typo50_real70,227,70,50,1,9,2,1,1
typo50_real70,228,70,50,1,5,1,1,1
typo50_real70,229,70,50,1,6,1,1,1
typo50_real70,230,70,50,1,2,1,1,1
typo50_real70,232,70,50,1,2,1,1,1
typo50_real70,234,70,50,1,6,4,1,1
typo50_real70,235,70,50,0,9,4,0,0
typo50_real70,236,70,50,1,6,2,1,1
typo50_real70,237,70,50,0,6,0,1,1
typo50_real70,238,70,50,1,2,0,1,1
typo50_real70,239,70,50,1,9,3,1,1
typo50_real70,240,70,50,1,5,2,1,1
typo50_real70,241,70,50,1,9,1,1,1
typo50_real70,242,70,50,1,2,0,1,1
typo50_real70,243,70,50,1,6,1,1,1
typo50_real70,244,70,50,1,0,0,1,1
typo50_real70,245,70,50,1,6,0,1,1
typo50_real70,246,70,50,1,2,0,1,1
typo50_real70,248,70,50,1,5,1,1,1
typo50_real70,249,70,50,1,8,2,1,1
typo50_real70,250,70,50,1,6,1,1,0
typo50_real70,251,70,50,1,8,1,0,1
typo50_real70,253,70,50,1,8,2,0,1
typo50_real70,254,70,50,1,0,0,1,1
typo50_real70,255,70,50,0,8,1,1,1
typo50_real70,256,70,50,1,6,2,1,1
typo50_real70,257,70,50,0,8,2,1,1
typo50_real70,258,70,50,1,5,1,1,1
typo50_real70,259,70,50,1,4,0,1,1
typo50_real70,260,70,50,1,2,0,1,1
typo50_real70,261,70,50,1,6,1,1,1
typo50_real70,262,70,50,1,8,2,1,1
typo50_real70,263,70,50,0,3,2,1,1
typo50_real70,264,70,50,1,0,0,1,1
typo50_real70,265,70,50,1,8,2,1,1
typo50_real70,266,70,50,1,10,3,0,1
typo50_real70,267,70,50,1,8,2,1,0
typo50_real70,268,70,50,0,9,2,1,0
typo50_real70,269,70,50,1,2,0,1,1
typo50_real70,270,70,50,1,2,0,1,1
typo50_real70,271,70,50,1,6,1,1,1
typo50_real70,272,70,50,0,0,1,1,0
typo50_real70,273,70,50,1,9,4,0,1
typo50_real70,274,70,50,1,6,3,1,0
typo50_real70,275,70,50,1,2,0,1,1
typo50_real70,276,70,50,1,8,2,0,1
typo50_real70,277,70,50,1,2,1,1,0
typo50_real70,278,70,50,1,6,2,1,0
typo50_real70,279,70,50,1,6,0,1,1
typo50_real70,280,70,50,0,6,0,1,1
typo50_real70,281,70,50,1,6,2,1,1
typo50_real70,282,70,50,1,7,1,1,1
typo50_real70,283,70,50,0,9,5,1,1
typo50_real70,284,70,50,1,6,1,1,0
typo50_real70,285,70,50,1,6,1,1,1
typo50_real70,286,70,50,1,2,0,1,1
typo50_real70,287,70,50,1,8,1,1,1
typo50_real70,288,70,50,0,6,0,1,1
typo50_real70,289,70,50,0,9,3,1,1
typo50_real70,290,70,50,1,6,1,1,1
typo50_real70,291,70,50,0,9,3,1,1
typo50_real70,292,70,50,1,6,2,1,1
typo50_real70,293,70,50,1,4,0,1,1
typo50_real70,294,70,50,1,2,0,1,1
typo50_real70,295,70,50,1,6,1,1,1
typo50_real70,296,70,50,1,6,1,1,1
typo50_real70,297,70,50,0,9,2,1,0
typo50_real70,298,70,50,0,8,1,1,1
typo50_real70,299,70,50,0,5,0,1,1
typo50_real70,300,70,50,0,9,4,1,1
typo50_real70,301,70,50,1,5,2,0,1
typo50_real70,302,70,50,0,9,2,1,1
typo50_real70,303,70,50,0,5,0,1,1
typo50_real70,304,70,50,1,8,4,1,1
typo50_real70,305,70,50,1,6,1,1,1
typo50_real70,306,70,50,0,5,0,1,1
typo50_real70,307,70,50,1,6,1,1,1
typo50_real70,308,70,50,1,2,0,1,1
typo50_real70,309,70,50,0,9,4,1,0
typo50_real70,310,70,50,1,8,2,1,1
typo50_real70,311,70,50,1,2,0,1,1
typo50_real70,312,70,50,1,2,0,1,1
typo50_real70,313,70,50,1,0,0,1,1
typo50_real70,314,70,50,0,6,2,1,0
typo50_real70,315,70,50,0,9,2,1,1
typo50_real70,316,70,50,0,8,1,1,1
typo50_real70,317,70,50,1,6,0,1,1
typo50_real70,318,70,50,0,2,0,1,1
typo50_real70,319,70,50,1,8,2,1,0
typo50_real70,320,70,50,0,9,4,1,0
typo50_real70,321,70,50,1,6,1,1,1
typo50_real70,322,70,50,1,8,2,1,1
typo50_real70,323,70,50,1,2,1,0,0
typo50_real70,324,70,50,1,9,1,1,1
typo50_real70,325,70,50,1,5,1,1,0
typo50_real70,326,70,50,1,9,1,0,0
typo50_real70,327,70,50,1,5,0,1,1
typo50_real70,330,70,50,1,6,0,1,1
typo50_real70,332,70,50,1,2,0,1,1
typo50_real70,333,70,50,1,6,2,1,1
typo50_real70,334,70,50,1,8,1,1,0
typo50_real70,335,70,50,1,3,0,1,1
typo50_real70,336,70,50,1,2,0,1,1
typo50_real70,337,70,50,1,6,1,1,0
typo50_real70,338,70,50,1,5,0,1,1
typo50_real70,339,70,50,1,8,4,1,0
typo50_real70,340,70,50,1,2,0,1,1
typo50_real70,341,70,50,1,8,2,1,1
typo50_real70,342,70,50,1,2,0,1,1
typo50_real70,343,70,50,1,6,0,1,1
typo50_real70,345,70,50,1,2,0,1,1
typo50_real70,346,70,50,1,9,3,1,1
typo50_real70,347,70,50,1,2,0,1,1
typo50_real70,348,70,50,1,6,1,1,1
typo50_real70,350,70,50,1,2,0,1,1
typo50_real70,351,70,50,1,2,1,1,1
typo50_real70,352,70,50,0,5,1,1,1
typo50_real70,353,70,50,1,2,0,1,1
typo50_real70,354,70,50,0,8,2,1,1
typo50_real70,355,70,50,0,5,3,1,1
typo50_real70,356,70,50,1,8,1,1,1
typo50_real70,357,70,50,1,5,0,1,1
typo50_real70,358,70,50,1,2,0,1,1
typo50_real70,359,70,50,1,5,0,1,1
typo50_real70,360,70,50,1,1,0,1,1
typo50_real70,361,70,50,1,0,0,1,1
typo50_real70,362,70,50,1,2,0,1,1
typo50_real70,363,70,50,1,8,2,1,1
typo50_real70,364,70,50,1,2,0,1,1
typo50_real70,365,70,50,1,6,0,1,1
typo50_real70,366,70,50,1,2,0,1,1
typo50_real70,367,70,50,1,5,0,1,1
typo50_real70,368,70,50,1,3,0,1,1
typo50_real70,369,70,50,1,5,0,1,1
typo50_real70,370,70,50,1,4,1,1,0
typo50_real70,371,70,50,1,2,0,1,1
typo50_real70,372,70,50,0,9,1,1,1
typo50_real70,373,70,50,1,2,0,1,1
typo50_real70,374,70,50,1,2,0,1,1
typo50_real70,375,70,50,1,5,2,1,0
typo50_real70,377,70,50,1,2,0,1,1
typo50_real70,378,70,50,1,8,2,1,0
typo50_real70,379,70,50,1,6,1,1,1
typo50_real70,380,70,50,1,5,2,1,1
typo50_real70,381,70,50,1,6,2,1,1
typo50_real70,382,70,50,1,8,1,1,1
typo50_real70,384,70,50,0,8,2,1,1
typo50_real70,385,70,50,0,2,0,1,1
typo50_real70,386,70,50,1,6,0,1,1
typo50_real70,387,70,50,1,5,2,1,1
typo50_real70,388,70,50,1,5,0,1,1
typo50_real70,389,70,50,1,8,1,1,1
typo50_real70,390,70,50,1,6,2,1,1
typo50_real70,392,70,50,1,6,2,1,0
typo50_real70,393,70,50,1,6,3,1,1
typo50_real70,394,70,50,1,5,0,1,1
typo50_real70,395,70,50,1,2,0,1,1
typo50_real70,396,70,50,1,6,0,1,1
typo50_real70,397,70,50,1,2,0,1,1
typo50_real70,398,70,50,1,6,2,1,1
typo50_real70,399,70,50,1,4,1,1,0
typo50_real70,400,70,50,1,5,2,1,1
typo50_real70,401,70,50,0,6,1,1,0
typo50_real70,402,70,50,1,6,2,1,0
typo50_real70,403,70,50,1,6,1,1,1
typo50_real70,404,70,50,0,9,2,1,1
typo50_real70,405,70,50,1,5,2,1,1
typo50_real70,406,70,50,1,5,0,1,1
typo50_real70,407,70,50,1,6,1,1,1
typo50_real70,408,70,50,1,2,0,1,1
typo50_real70,409,70,50,1,2,0,1,1
typo50_real70,410,70,50,1,8,1,1,1
typo50_real70,411,70,50,1,6,3,1,0
typo50_real70,412,70,50,1,6,0,1,1
typo50_real70,413,70,50,1,6,0,0,1
typo50_real70,414,70,50,1,2,0,1,1
typo50_real70,415,70,50,1,5,0,1,1
typo50_real70,416,70,50,1,5,0,1,1
typo50_real70,417,70,50,1,6,2,1,0
typo50_real70,418,70,50,1,1,1,0,0
typo50_real70,419,70,50,1,5,0,1,1
typo50_real70,420,70,50,1,6,2,1,1
typo50_real70,421,70,50,1,8,2,1,1
typo50_real70,422,70,50,0,6,1,1,1
typo50_real70,423,70,50,1,6,3,1,1
typo50_real70,424,70,50,1,5,1,1,1
typo50_real70,425,70,50,0,6,0,1,1
typo50_real70,426,70,50,0,5,0,1,1
typo50_real70,427,70,50,1,5,1,1,1
typo50_real70,428,70,50,1,6,2,1,0
typo50_real70,429,70,50,1,6,1,1,1
typo50_real70,430,70,50,1,2,0,1,1
typo50_real70,431,70,50,0,8,4,1,1
typo50_real70,432,70,50,1,2,0,1,1
typo50_real70,433,70,50,1,6,2,1,1
typo50_real70,434,70,50,1,2,0,1,1
typo50_real70,435,70,50,1,6,2,0,1
typo50_real70,436,70,50,1,6,1,1,1
typo50_real70,437,70,50,1,0,0,1,1
typo50_real70,438,70,50,0,9,0,1,1
typo50_real70,439,70,50,1,2,0,1,1
typo50_real70,440,70,50,1,3,1,1,1
typo50_real70,441,70,50,1,8,2,1,0
typo50_real70,442,70,50,1,8,1,1,1
typo50_real70,443,70,50,1,2,0,1,1
typo50_real70,444,70,50,1,9,2,1,1
typo50_real70,445,70,50,1,5,2,1,1
typo50_real70,446,70,50,1,4,0,1,1
typo50_real70,447,70,50,1,6,2,1,0
typo50_real70,448,70,50,0,9,5,1,1
typo50_real70,449,70,50,0,6,2,1,1
typo50_real70,450,70,50,1,8,1,1,0
typo50_real70,451,70,50,1,3,1,1,1
typo50_real70,452,70,50,1,1,0,1,1
typo50_real70,453,70,50,0,9,2,1,1
typo50_real70,454,70,50,1,5,1,1,1
typo50_real70,455,70,50,1,2,1,1,1
typo50_real70,456,70,50,0,9,2,1,0
typo50_real70,457,70,50,1,4,1,1,0
typo50_real70,458,70,50,1,9,2,1,1
typo50_real70,459,70,50,1,5,2,1,1
typo50_real70,460,70,50,1,3,0,1,1
typo50_real70,461,70,50,1,9,5,0,1
typo50_real70,462,70,50,0,8,4,1,0
typo50_real70,463,70,50,1,6,0,1,1
typo50_real70,464,70,50,1,2,0,1,1
typo50_real70,465,70,50,1,5,0,1,1
typo50_real70,466,70,50,1,5,0,1,1
typo50_real70,467,70,50,1,2,1,1,1
typo50_real70,468,70,50,1,8,0,1,1
typo50_real70,469,70,50,1,2,0,1,1
typo50_real70,470,70,50,1,2,0,1,1
typo50_real70,471,70,50,1,3,1,1,1
typo50_real70,472,70,50,1,9,1,0,1
typo50_real70,473,70,50,1,6,1,1,1
typo50_real70,474,70,50,1,6,1,1,1
typo50_real70,475,70,50,1,8,4,1,0
typo50_real70,476,70,50,1,5,2,1,1
typo50_real70,478,70,50,1,7,1,1,1
typo50_real70,479,70,50,1,8,4,0,1
typo50_real70,480,70,50,1,6,1,0,1
typo50_real70,481,70,50,1,8,4,1,1
typo50_real70,482,70,50,1,5,2,1,1
typo50_real70,483,70,50,1,6,2,1,1
typo50_real70,484,70,50,1,2,0,1,1
typo50_real70,485,70,50,1,2,1,1,1
typo50_real70,486,70,50,1,5,0,1,1
typo50_real70,487,70,50,1,2,0,1,1
typo50_real70,488,70,50,1,8,2,1,0
typo50_real70,489,70,50,1,4,0,1,1
typo50_real70,490,70,50,1,6,2,1,0
typo50_real70,491,70,50,0,6,2,1,1
typo50_real70,492,70,50,1,5,0,1,1
typo50_real70,493,70,50,1,5,3,1,1
typo50_real70,494,70,50,1,8,2,1,1
typo50_real70,495,70,50,1,2,0,1,1
typo50_real70,496,70,50,1,5,0,1,1
typo50_real70,497,70,50,1,6,0,1,1
typo50_real70,498,70,50,1,6,0,1,1
typo50_real70,499,70,50,1,9,1,1,1
typo75_real10,0,10,75,1,6,0,1,1
typo75_real10,1,10,75,1,6,2,1,1
typo75_real10,2,10,75,1,6,1,1,1
typo75_real10,3,10,75,1,6,1,1,1
typo75_real10,4,10,75,1,8,1,0,1
typo75_real10,5,10,75,1,6,3,1,1
typo75_real10,6,10,75,1,8,1,1,1
typo75_real10,7,10,75,0,8,1,1,0
typo75_real10,8,10,75,1,8,2,0,1
typo75_real10,9,10,75,1,2,0,1,1
typo75_real10,10,10,75,1,8,1,0,0
typo75_real10,11,10,75,1,5,0,1,1
typo75_real10,12,10,75,1,8,2,1,1
typo75_real10,13,10,75,0,8,2,1,1
typo75_real10,14,10,75,1,8,1,1,1
typo75_real10,16,10,75,1,2,0,1,1
typo75_real10,17,10,75,1,6,1,0,1
typo75_real10,18,10,75,1,8,2,0,1
typo75_real10,19,10,75,0,6,1,1,1
typo75_real10,20,10,75,1,5,3,1,0
typo75_real10,21,10,75,1,5,0,1,1
typo75_real10,22,10,75,1,6,2,0,1
typo75_real10,23,10,75,1,6,1,0,0
typo75_real10,24,10,75,1,6,2,0,1
typo75_real10,25,10,75,0,5,2,0,0
typo75_real10,26,10,75,1,6,2,1,0
typo75_real10,27,10,75,1,2,0,1,1
typo75_real10,28,10,75,1,8,2,1,0
typo75_real10,29,10,75,1,6,2,1,0
typo75_real10,30,10,75,1,2,1,1,1
typo75_real10,31,10,75,1,8,1,1,1
typo75_real10,32,10,75,1,3,1,1,1
typo75_real10,33,10,75,1,5,1,1,1
typo75_real10,34,10,75,1,2,0,1,1
typo75_real10,35,10,75,1,6,1,1,0
typo75_real10,36,10,75,1,6,2,1,1
typo75_real10,37,10,75,0,9,1,1,1
typo75_real10,38,10,75,1,5,1,1,0
typo75_real10,39,10,75,1,8,1,1,1
typo75_real10,40,10,75,1,6,1,1,1
typo75_real10,41,10,75,1,5,0,1,1
typo75_real10,42,10,75,1,5,1,0,1
typo75_real10,43,10,75,1,2,0,1,1
typo75_real10,44,10,75,1,2,1,1,1
typo75_real10,45,10,75,1,5,0,1,1
typo75_real10,46,10,75,1,4,0,1,1
typo75_real10,47,10,75,1,2,0,1,1
typo75_real10,48,10,75,1,2,0,1,1
typo75_real10,49,10,75,0,8,1,1,1
typo75_real10,50,10,75,1,2,0,1,1
typo75_real10,52,10,75,1,6,3,1,1
typo75_real10,54,10,75,0,9,2,1,1
typo75_real10,55,10,75,1,6,2,1,0
typo75_real10,56,10,75,1,8,3,1,1
typo75_real10,57,10,75,1,2,0,1,1
typo75_real10,58,10,75,1,4,0,1,1
typo75_real10,59,10,75,1,2,0,1,1
typo75_real10,60,10,75,1,9,4,1,1
typo75_real10,61,10,75,1,7,3,0,1
typo75_real10,62,10,75,1,2,2,1,1
typo75_real10,63,10,75,1,2,0,1,1
typo75_real10,64,10,75,1,6,1,1,1
typo75_real10,65,10,75,1,6,0,1,1
typo75_real10,66,10,75,1,2,0,1,1
typo75_real10,68,10,75,1,9,3,1,0
typo75_real10,69,10,75,1,9,1,1,0
typo75_real10,70,10,75,0,6,2,1,1
typo75_real10,71,10,75,1,2,0,1,1
typo75_real10,72,10,75,0,7,1,1,1
typo75_real10,73,10,75,1,8,2,1,1
typo75_real10,74,10,75,1,4,0,1,1
typo75_real10,75,10,75,0,9,4,1,1
typo75_real10,76,10,75,1,2,0,1,1
typo75_real10,77,10,75,1,6,1,1,1
typo75_real10,78,10,75,1,8,0,1,1
typo75_real10,79,10,75,0,9,0,1,1
typo75_real10,80,10,75,1,5,0,1,1
typo75_real10,81,10,75,1,8,2,1,0
typo75_real10,82,10,75,1,6,0,1,1
typo75_real10,83,10,75,1,2,2,1,1
typo75_real10,84,10,75,1,2,0,1,1
typo75_real10,85,10,75,1,5,2,1,0
typo75_real10,86,10,75,1,8,2,1,1
typo75_real10,87,10,75,1,0,0,1,1
typo75_real10,88,10,75,1,2,0,1,1
typo75_real10,89,10,75,1,4,0,1,1
typo75_real10,90,10,75,1,9,1,0,1
typo75_real10,91,10,75,0,5,0,1,1
typo75_real10,92,10,75,1,6,1,1,1
typo75_real10,93,10,75,0,6,2,1,1
typo75_real10,94,10,75,1,8,1,1,1
typo75_real10,95,10,75,1,8,1,1,1
typo75_real10,96,10,75,1,2,1,1,0
typo75_real10,97,10,75,1,6,0,1,1
typo75_real10,98,10,75,1,2,0,1,1
typo75_real10,99,10,75,1,2,1,1,1
typo75_real10,100,10,75,1,5,0,1,1
typo75_real10,101,10,75,1,8,1,1,1
typo75_real10,102,10,75,1,4,1,1,0
typo75_real10,103,10,75,1,8,4,1,0
typo75_real10,104,10,75,0,1,0,0,1
typo75_real10,105,10,75,1,9,3,0,1
typo75_real10,106,10,75,1,8,2,1,1
typo75_real10,107,10,75,1,2,0,1,1
typo75_real10,108,10,75,1,2,3,0,0
typo75_real10,109,10,75,0,9,2,1,1
typo75_real10,110,10,75,1,8,1,0,1
typo75_real10,111,10,75,1,5,0,1,1
typo75_real10,113,10,75,1,6,0,0,1
typo75_real10,114,10,75,0,9,5,0,0
typo75_real10,115,10,75,1,2,1,1,1
typo75_real10,116,10,75,1,8,1,1,1
typo75_real10,117,10,75,1,6,3,0,0
typo75_real10,118,10,75,1,2,0,1,1
typo75_real10,119,10,75,1,5,0,1,1
typo75_real10,120,10,75,1,2,0,1,1
typo75_real10,121,10,75,1,8,2,1,1
typo75_real10,122,10,75,1,7,1,0,1
typo75_real10,123,10,75,1,6,1,1,1
typo75_real10,124,10,75,1,6,1,1,1
typo75_real10,125,10,75,1,8,2,1,0
typo75_real10,126,10,75,0,8,2,1,1
typo75_real10,127,10,75,1,6,0,1,1
typo75_real10,128,10,75,0,9,4,1,1
typo75_real10,129,10,75,0,5,0,1,1
typo75_real10,130,10,75,1,2,0,1,1
typo75_real10,131,10,75,1,5,1,1,0
typo75_real10,132,10,75,1,6,1,1,1
typo75_real10,133,10,75,1,8,2,1,0
typo75_real10,134,10,75,1,2,1,1,0
typo75_real10,135,10,75,1,6,0,1,1
typo75_real10,136,10,75,1,2,0,1,1
typo75_real10,137,10,75,1,2,0,1,1
typo75_real10,138,10,75,0,8,0,1,1
typo75_real10,139,10,75,1,5,2,1,1
typo75_real10,140,10,75,1,2,0,1,1
typo75_real10,141,10,75,1,8,1,1,1
typo75_real10,142,10,75,0,8,1,1,1
typo75_real10,144,10,75,1,5,0,1,1
typo75_real10,145,10,75,1,2,0,1,1
typo75_real10,146,10,75,1,6,0,1,1
typo75_real10,147,10,75,1,8,1,1,1
typo75_real10,148,10,75,1,2,1,1,1
typo75_real10,149,10,75,1,2,0,1,1
typo75_real10,150,10,75,1,8,1,1,1
typo75_real10,151,10,75,1,5,3,1,1
typo75_real10,152,10,75,0,2,0,1,1
typo75_real10,153,10,75,1,6,1,1,1
typo75_real10,154,10,75,1,6,1,1,1
typo75_real10,155,10,75,1,4,0,1,1
typo75_real10,156,10,75,1,2,0,1,1
typo75_real10,157,10,75,0,8,4,1,0
typo75_real10,158,10,75,1,2,0,1,1
typo75_real10,159,10,75,1,8,2,1,1
typo75_real10,160,10,75,1,5,1,1,0
typo75_real10,161,10,75,1,6,1,1,1
typo75_real10,162,10,75,0,6,1,1,1
typo75_real10,163,10,75,0,6,3,0,0
typo75_real10,164,10,75,1,8,0,0,1
typo75_real10,165,10,75,1,6,2,1,1
typo75_real10,166,10,75,0,9,1,1,0
typo75_real10,167,10,75,1,8,2,1,1
typo75_real10,168,10,75,0,8,2,1,1
typo75_real10,169,10,75,1,2,0,1,1
typo75_real10,170,10,75,1,5,0,1,1
typo75_real10,171,10,75,1,8,1,1,1
typo75_real10,172,10,75,1,8,1,1,1
typo75_real10,174,10,75,1,3,0,1,1
typo75_real10,175,10,75,1,8,2,1,0
typo75_real10,176,10,75,0,5,0,1,1
typo75_real10,177,10,75,1,2,0,1,1
typo75_real10,178,10,75,1,8,4,0,1
typo75_real10,179,10,75,1,2,2,1,1
typo75_real10,180,10,75,1,6,1,1,1
typo75_real10,181,10,75,0,9,2,1,1
typo75_real10,182,10,75,1,9,1,1,1
typo75_real10,184,10,75,1,2,0,1,1
typo75_real10,185,10,75,1,8,2,1,0
typo75_real10,186,10,75,1,2,0,1,1
typo75_real10,187,10,75,1,2,0,1,1
typo75_real10,188,10,75,0,5,1,1,1
typo75_real10,189,10,75,1,2,0,1,1
typo75_real10,190,10,75,1,2,0,1,1
typo75_real10,191,10,75,1,5,0,1,1
typo75_real10,192,10,75,1,2,0,1,1
typo75_real10,193,10,75,1,5,0,1,1
typo75_real10,194,10,75,1,6,1,1,1
typo75_real10,195,10,75,1,8,2,1,0
typo75_real10,196,10,75,1,6,1,1,1
typo75_real10,198,10,75,0,8,3,0,0
typo75_real10,199,10,75,1,6,1,1,1
typo75_real10,200,10,75,1,5,1,1,1
typo75_real10,201,10,75,1,2,0,1,1
typo75_real10,202,10,75,1,2,0,1,1
typo75_real10,203,10,75,1,8,1,1,1
typo75_real10,204,10,75,1,2,0,1,1
typo75_real10,205,10,75,1,5,2,1,0
typo75_real10,206,10,75,1,8,1,0,0
typo75_real10,207,10,75,1,7,2,1,1
typo75_real10,208,10,75,0,6,0,1,1
typo75_real10,209,10,75,1,8,4,1,1
typo75_real10,210,10,75,1,6,0,0,1
typo75_real10,211,10,75,1,2,0,1,1
typo75_real10,212,10,75,1,8,1,1,1
typo75_real10,213,10,75,1,5,0,1,1
typo75_real10,214,10,75,1,6,0,1,1
typo75_real10,215,10,75,1,8,2,1,1
typo75_real10,217,10,75,1,5,0,1,1
typo75_real10,218,10,75,0,9,2,1,1
typo75_real10,219,10,75,1,6,0,1,1
typo75_real10,220,10,75,1,2,0,1,1
typo75_real10,221,10,75,0,2,0,1,1
typo75_real10,222,10,75,1,5,0,1,1
typo75_real10,223,10,75,1,6,0,0,1
typo75_real10,224,10,75,1,7,1,1,1
typo75_real10,225,10,75,1,2,0,1,1
typo75_real10,226,10,75,1,6,0,1,1
typo75_real10,227,10,75,0,9,4,1,1
typo75_real10,228,10,75,1,6,1,1,0
typo75_real10,229,10,75,0,6,1,1,1
typo75_real10,230,10,75,1,8,2,1,1
typo75_real10,231,10,75,0,8,2,1,0
typo75_real10,232,10,75,0,8,4,1,0
typo75_real10,233,10,75,1,9,1,1,1
typo75_real10,234,10,75,1,5,2,1,1
typo75_real10,235,10,75,0,5,0,1,1
typo75_real10,236,10,75,1,6,0,0,1
typo75_real10,237,10,75,1,6,2,1,0
typo75_real10,238,10,75,1,8,2,1,1
typo75_real10,239,10,75,1,8,1,1,1
typo75_real10,240,10,75,1,2,0,1,1
typo75_real10,241,10,75,1,6,1,1,1
typo75_real10,242,10,75,1,5,1,1,1
typo75_real10,243,10,75,1,8,1,1,1
typo75_real10,244,10,75,0,5,3,1,1
typo75_real10,245,10,75,1,6,1,1,1
typo75_real10,246,10,75,1,6,1,1,1
typo75_real10,247,10,75,0,9,2,0,1
typo75_real10,248,10,75,1,5,1,1,1
typo75_real10,249,10,75,1,8,1,1,1
typo75_real10,250,10,75,1,9,2,1,1
typo75_real10,251,10,75,1,7,1,1,1
typo75_real10,252,10,75,1,2,0,1,1
typo75_real10,253,10,75,1,8,2,1,1
typo75_real10,254,10,75,1,9,4,0,0
typo75_real10,255,10,75,1,8,4,0,1
typo75_real10,256,10,75,1,9,1,1,1
typo75_real10,257,10,75,1,6,2,1,1
typo75_real10,258,10,75,1,2,0,1,1
typo75_real10,259,10,75,0,5,0,1,1
typo75_real10,260,10,75,1,9,1,1,1
typo75_real10,261,10,75,1,6,2,1,0
typo75_real10,262,10,75,1,5,2,0,1
typo75_real10,263,10,75,0,7,4,1,1
typo75_real10,264,10,75,1,2,0,1,1
typo75_real10,265,10,75,0,8,4,1,1
typo75_real10,266,10,75,0,9,2,1,1
typo75_real10,267,10,75,1,8,2,1,1
typo75_real10,268,10,75,1,6,1,1,1
typo75_real10,269,10,75,1,2,0,1,1
typo75_real10,270,10,75,0,8,4,0,0
typo75_real10,271,10,75,1,6,0,1,1
typo75_real10,272,10,75,1,6,1,1,1
typo75_real10,273,10,75,0,9,4,1,0
typo75_real10,274,10,75,1,8,2,1,1
typo75_real10,275,10,75,1,2,0,1,1
typo75_real10,276,10,75,1,5,0,1,1
typo75_real10,277,10,75,1,6,2,1,1
typo75_real10,278,10,75,1,8,4,1,0
typo75_real10,279,10,75,1,5,2,1,0
typo75_real10,281,10,75,1,8,1,1,1
typo75_real10,282,10,75,1,6,1,1,0
typo75_real10,284,10,75,1,5,0,1,1
typo75_real10,285,10,75,1,8,2,1,1
typo75_real10,286,10,75,1,6,2,1,0
typo75_real10,287,10,75,1,8,1,1,0
typo75_real10,288,10,75,0,9,1,1,1
typo75_real10,289,10,75,0,8,2,0,1
typo75_real10,290,10,75,1,8,1,1,1
typo75_real10,291,10,75,0,9,3,1,0
typo75_real10,292,10,75,1,2,0,1,1
typo75_real10,293,10,75,1,5,0,1,1
typo75_real10,294,10,75,1,2,0,1,1
typo75_real10,295,10,75,1,6,0,1,1
typo75_real10,296,10,75,1,2,1,1,1
typo75_real10,297,10,75,0,8,2,1,1
typo75_real10,298,10,75,0,8,1,1,1
typo75_real10,299,10,75,0,2,0,1,1
typo75_real10,300,10,75,0,8,3,1,0
typo75_real10,301,10,75,1,6,0,1,1
typo75_real10,302,10,75,1,8,4,1,1
typo75_real10,303,10,75,0,5,2,1,1
typo75_real10,304,10,75,1,8,4,1,0
typo75_real10,305,10,75,1,2,0,1,1
typo75_real10,306,10,75,0,5,1,1,1
typo75_real10,307,10,75,1,6,1,1,1
typo75_real10,308,10,75,1,2,0,1,1
typo75_real10,309,10,75,1,9,2,1,1
typo75_real10,310,10,75,1,2,0,1,1
typo75_real10,311,10,75,1,2,0,1,1
typo75_real10,312,10,75,1,2,0,1,1
typo75_real10,313,10,75,1,2,0,1,1
typo75_real10,314,10,75,0,0,0,1,1
typo75_real10,315,10,75,1,1,0,1,1
typo75_real10,316,10,75,0,6,0,1,1
typo75_real10,317,10,75,1,6,1,1,0
typo75_real10,318,10,75,0,6,1,1,1
typo75_real10,319,10,75,0,9,2,1,1
typo75_real10,320,10,75,0,6,1,1,1
typo75_real10,321,10,75,1,5,0,1,1
typo75_real10,322,10,75,1,5,0,1,1
typo75_real10,323,10,75,1,8,4,1,1
typo75_real10,324,10,75,0,8,1,1,1
typo75_real10,325,10,75,1,5,0,1,1
typo75_real10,326,10,75,1,8,2,0,0
typo75_real10,327,10,75,0,6,0,1,1
typo75_real10,328,10,75,0,8,1,1,1
typo75_real10,329,10,75,0,8,3,1,1
typo75_real10,330,10,75,1,6,1,1,1
typo75_real10,331,10,75,0,8,1,1,0
typo75_real10,332,10,75,1,2,0,1,1
typo75_real10,333,10,75,1,6,0,1,1
typo75_real10,334,10,75,1,8,1,1,1
typo75_real10,335,10,75,1,5,4,1,1
typo75_real10,336,10,75,1,2,0,1,0
typo75_real10,337,10,75,1,2,0,1,1
typo75_real10,338,10,75,1,5,0,1,1
typo75_real10,339,10,75,1,6,0,1,1
typo75_real10,340,10,75,1,2,0,1,1
typo75_real10,341,10,75,0,6,0,1,1
typo75_real10,342,10,75,1,2,0,1,1
typo75_real10,343,10,75,1,5,0,1,1
typo75_real10,344,10,75,1,8,2,1,1
typo75_real10,345,10,75,0,10,2,1,1
typo75_real10,346,10,75,1,5,0,1,1
typo75_real10,347,10,75,1,6,1,1,0
typo75_real10,348,10,75,1,3,0,1,1
typo75_real10,349,10,75,1,9,1,1,1
typo75_real10,350,10,75,1,2,0,1,1
typo75_real10,352,10,75,0,8,3,1,0
typo75_real10,354,10,75,1,8,1,1,1
typo75_real10,355,10,75,1,9,4,1,1
typo75_real10,356,10,75,1,8,3,1,1
typo75_real10,357,10,75,1,2,0,1,1
typo75_real10,358,10,75,0,6,1,1,1
typo75_real10,359,10,75,0,9,4,1,1
typo75_real10,360,10,75,1,4,0,1,1
typo75_real10,361,10,75,1,2,0,1,1
typo75_real10,362,10,75,1,5,2,1,1
typo75_real10,363,10,75,1,8,2,0,1
typo75_real10,364,10,75,1,9,2,1,1
typo75_real10,365,10,75,1,6,1,1,1
typo75_real10,366,10,75,1,2,0,1,1
typo75_real10,367,10,75,1,6,1,1,0
typo75_real10,368,10,75,1,4,0,1,1
typo75_real10,369,10,75,1,2,0,1,0
typo75_real10,370,10,75,1,2,0,1,0
typo75_real10,371,10,75,1,2,0,1,1
typo75_real10,372,10,75,0,8,4,0,1
typo75_real10,373,10,75,1,6,1,1,1
typo75_real10,374,10,75,1,0,0,1,1
typo75_real10,375,10,75,1,1,0,1,1
typo75_real10,376,10,75,0,9,4,1,0
typo75_real10,377,10,75,1,0,0,1,1
typo75_real10,378,10,75,1,8,2,1,1
typo75_real10,379,10,75,1,6,1,1,1
typo75_real10,380,10,75,0,6,2,1,0
typo75_real10,381,10,75,1,8,4,0,1
typo75_real10,382,10,75,1,8,2,1,0
typo75_real10,384,10,75,1,9,3,1,1
typo75_real10,385,10,75,1,3,0,1,1
typo75_real10,386,10,75,1,0,0,1,1
typo75_real10,387,10,75,1,5,0,0,1
typo75_real10,388,10,75,1,5,0,1,1
typo75_real10,389,10,75,0,9,4,1,1
typo75_real10,390,10,75,0,9,2,0,1
typo75_real10,392,10,75,1,6,2,1,1
typo75_real10,393,10,75,0,8,1,1,0
typo75_real10,394,10,75,1,6,0,1,1
typo75_real10,395,10,75,1,6,1,1,1
typo75_real10,396,10,75,1,6,0,1,1
typo75_real10,397,10,75,1,2,0,1,1
typo75_real10,398,10,75,1,6,1,1,1
typo75_real10,399,10,75,1,8,2,1,0
typo75_real10,400,10,75,1,9,1,1,1
typo75_real10,401,10,75,0,6,2,1,1
typo75_real10,402,10,75,1,5,0,1,1
typo75_real10,403,10,75,1,6,1,1,1
typo75_real10,404,10,75,1,8,2,1,0
typo75_real10,405,10,75,1,6,2,1,1
typo75_real10,406,10,75,1,9,4,0,0
typo75_real10,407,10,75,1,7,1,1,1
typo75_real10,408,10,75,1,2,1,1,0
typo75_real10,409,10,75,1,2,0,1,1
typo75_real10,410,10,75,1,5,0,1,1
typo75_real10,411,10,75,0,6,1,1,1
typo75_real10,413,10,75,1,6,0,1,1
typo75_real10,414,10,75,1,8,2,1,1
typo75_real10,415,10,75,1,6,0,1,1
typo75_real10,416,10,75,1,1,0,1,1
typo75_real10,417,10,75,1,2,0,1,1
typo75_real10,418,10,75,1,2,0,0,1
typo75_real10,419,10,75,1,6,1,1,1
typo75_real10,420,10,75,1,8,2,0,0
typo75_real10,421,10,75,1,6,1,1,0
typo75_real10,422,10,75,1,6,0,1,1
typo75_real10,423,10,75,1,2,0,1,1
typo75_real10,424,10,75,1,6,1,1,1
typo75_real10,425,10,75,0,2,1,1,1
typo75_real10,426,10,75,1,2,0,1,1
typo75_real10,427,10,75,1,2,1,1,1
typo75_real10,428,10,75,1,5,2,1,1
typo75_real10,429,10,75,1,5,0,1,1
typo75_real10,430,10,75,1,6,1,1,1
typo75_real10,431,10,75,1,8,2,1,1
typo75_real10,432,10,75,1,2,0,1,1
typo75_real10,433,10,75,1,8,1,1,1
typo75_real10,434,10,75,0,8,1,1,1
typo75_real10,435,10,75,1,8,2,1,1
typo75_real10,436,10,75,1,8,2,1,0
typo75_real10,437,10,75,1,0,0,1,1
typo75_real10,438,10,75,0,5,0,1,1
typo75_real10,439,10,75,1,8,2,1,1
typo75_real10,440,10,75,1,2,1,1,1
typo75_real10,441,10,75,1,8,2,1,1
typo75_real10,442,10,75,1,8,4,1,0
typo75_real10,443,10,75,0,8,1,1,0
typo75_real10,445,10,75,1,5,0,1,1
typo75_real10,446,10,75,0,8,3,1,0
typo75_real10,447,10,75,0,8,2,1,1
typo75_real10,448,10,75,1,5,1,1,1
typo75_real10,449,10,75,0,2,0,1,1
typo75_real10,450,10,75,1,9,1,1,1
typo75_real10,451,10,75,1,2,0,1,1
typo75_real10,452,10,75,1,2,1,0,0
typo75_real10,453,10,75,1,8,5,1,0
typo75_real10,454,10,75,1,2,1,1,1
typo75_real10,455,10,75,1,8,2,1,1
typo75_real10,456,10,75,1,8,2,0,1
typo75_real10,457,10,75,1,5,1,1,0
typo75_real10,458,10,75,0,6,2,1,1
typo75_real10,459,10,75,1,2,0,1,1
typo75_real10,460,10,75,1,9,4,1,0
typo75_real10,461,10,75,1,8,2,1,0
typo75_real10,462,10,75,0,8,1,1,1
typo75_real10,463,10,75,1,2,1,1,1
typo75_real10,464,10,75,1,6,0,1,1
typo75_real10,465,10,75,1,5,2,1,1
typo75_real10,466,10,75,1,9,1,1,1
typo75_real10,467,10,75,1,2,2,1,0
typo75_real10,468,10,75,1,9,1,1,1
typo75_real10,469,10,75,1,2,0,1,1
typo75_real10,470,10,75,1,8,1,1,1
typo75_real10,471,10,75,1,8,1,1,1
typo75_real10,472,10,75,1,2,0,1,1
typo75_real10,473,10,75,1,6,3,1,1
typo75_real10,474,10,75,1,5,0,1,1
typo75_real10,475,10,75,1,8,4,1,1
typo75_real10,476,10,75,1,5,2,1,1
typo75_real10,477,10,75,0,5,3,1,0
typo75_real10,478,10,75,1,5,0,1,1
typo75_real10,480,10,75,1,8,2,1,1
typo75_real10,481,10,75,1,8,4,1,0
typo75_real10,482,10,75,1,5,0,1,1
typo75_real10,483,10,75,1,2,0,1,1
typo75_real10,484,10,75,1,2,0,1,1
typo75_real10,485,10,75,1,5,1,1,1
typo75_real10,486,10,75,0,2,0,1,1
typo75_real10,487,10,75,1,6,1,1,1
typo75_real10,488,10,75,1,8,1,1,1
typo75_real10,489,10,75,1,5,0,1,1
typo75_real10,490,10,75,1,2,1,1,1
typo75_real10,491,10,75,1,5,0,1,1
typo75_real10,492,10,75,1,5,0,1,1
typo75_real10,493,10,75,1,6,1,0,0
typo75_real10,494,10,75,1,8,1,1,0
typo75_real10,495,10,75,1,4,0,1,1
typo75_real10,496,10,75,1,6,2,1,0
typo75_real10,497,10,75,1,6,0,1,1
typo75_real10,498,10,75,0,9,1,0,1
typo75_real10,499,10,75,1,4,0,1,1
typo75_real40,0,40,75,1,8,4,1,1
typo75_real40,1,40,75,1,5,0,1,1
typo75_real40,2,40,75,0,2,0,1,1
typo75_real40,3,40,75,1,6,0,1,1
typo75_real40,4,40,75,1,6,1,1,1
typo75_real40,5,40,75,0,8,2,1,1
typo75_real40,6,40,75,1,6,1,1,1
typo75_real40,7,40,75,0,8,4,1,1
typo75_real40,8,40,75,0,8,2,1,1
typo75_real40,9,40,75,1,6,1,0,1
typo75_real40,10,40,75,1,9,2,1,1
typo75_real40,11,40,75,1,5,0,1,1
typo75_real40,12,40,75,1,8,1,1,0
typo75_real40,13,40,75,1,2,0,1,1
typo75_real40,14,40,75,0,6,0,1,1
typo75_real40,15,40,75,1,5,3,1,0
typo75_real40,16,40,75,1,2,1,1,1
typo75_real40,17,40,75,1,9,4,1,0
typo75_real40,18,40,75,1,2,1,1,1
typo75_real40,19,40,75,1,6,2,1,1
typo75_real40,20,40,75,1,6,2,1,1
typo75_real40,21,40,75,1,2,0,1,1
typo75_real40,22,40,75,1,8,1,0,1
typo75_real40,23,40,75,1,6,1,1,1
typo75_real40,24,40,75,0,9,4,1,0
typo75_real40,25,40,75,1,8,4,1,0
typo75_real40,26,40,75,1,6,2,1,0
typo75_real40,27,40,75,1,6,1,1,1
typo75_real40,28,40,75,1,9,2,1,1
typo75_real40,29,40,75,0,8,4,1,0
typo75_real40,30,40,75,0,9,2,1,1
typo75_real40,31,40,75,1,5,0,1,1
typo75_real40,32,40,75,1,9,5,1,1
typo75_real40,33,40,75,1,2,0,1,1
typo75_real40,34,40,75,1,4,2,1,0
typo75_real40,35,40,75,1,7,2,0,1
typo75_real40,36,40,75,1,6,2,1,1
typo75_real40,38,40,75,1,6,2,1,0
typo75_real40,39,40,75,1,6,1,1,1
typo75_real40,40,40,75,1,2,1,1,1
typo75_real40,41,40,75,0,6,3,1,0
typo75_real40,42,40,75,1,8,0,1,1
typo75_real40,43,40,75,1,6,1,1,0
typo75_real40,44,40,75,1,2,0,1,1
typo75_real40,45,40,75,1,5,0,1,1
typo75_real40,46,40,75,1,5,1,1,0
typo75_real40,47,40,75,1,2,0,1,1
typo75_real40,48,40,75,1,2,0,1,1
typo75_real40,49,40,75,0,2,0,1,1
typo75_real40,50,40,75,1,8,2,1,0
typo75_real40,51,40,75,1,5,3,1,0
typo75_real40,52,40,75,0,9,3,1,1
typo75_real40,53,40,75,1,6,4,0,0
typo75_real40,54,40,75,1,8,2,1,1
typo75_real40,55,40,75,1,6,2,1,1
typo75_real40,56,40,75,0,2,0,1,1
typo75_real40,57,40,75,1,6,2,1,0
typo75_real40,58,40,75,1,2,0,1,1
typo75_real40,59,40,75,1,2,0,1,1
typo75_real40,60,40,75,1,8,4,1,1
typo75_real40,61,40,75,1,5,2,1,1
typo75_real40,62,40,75,1,8,4,1,0
typo75_real40,63,40,75,0,8,1,1,1
typo75_real40,64,40,75,0,9,2,1,1
typo75_real40,65,40,75,1,6,0,1,1
typo75_real40,66,40,75,1,2,1,1,0
typo75_real40,67,40,75,0,9,2,1,1
typo75_real40,68,40,75,0,4,1,1,0
typo75_real40,69,40,75,1,8,1,1,1
typo75_real40,70,40,75,0,8,4,1,1
typo75_real40,71,40,75,1,0,0,1,1
typo75_real40,72,40,75,0,6,1,1,1
typo75_real40,73,40,75,1,5,2,1,1
typo75_real40,74,40,75,1,2,1,1,0
typo75_real40,75,40,75,1,8,1,1,1
typo75_real40,76,40,75,1,2,1,1,0
typo75_real40,77,40,75,0,6,2,1,1
typo75_real40,78,40,75,1,6,0,0,1
typo75_real40,79,40,75,0,5,0,1,1
typo75_real40,80,40,75,1,4,0,1,1
typo75_real40,81,40,75,0,9,4,1,0
typo75_real40,82,40,75,1,6,1,1,1
typo75_real40,83,40,75,1,2,1,1,0
typo75_real40,84,40,75,1,5,1,1,1
typo75_real40,85,40,75,1,2,0,1,1
typo75_real40,86,40,75,1,6,0,1,1
typo75_real40,87,40,75,1,1,0,1,1
typo75_real40,88,40,75,1,9,4,1,0
typo75_real40,89,40,75,1,8,4,1,0
typo75_real40,90,40,75,1,8,1,1,1
typo75_real40,91,40,75,0,9,2,1,0
typo75_real40,92,40,75,1,9,4,0,0
typo75_real40,93,40,75,0,8,2,1,1
typo75_real40,94,40,75,1,5,1,1,1
typo75_real40,95,40,75,1,2,0,1,1
typo75_real40,96,40,75,1,6,4,1,1
typo75_real40,98,40,75,1,5,0,1,1
typo75_real40,99,40,75,1,2,1,1,1
typo75_real40,100,40,75,1,5,1,1,1
typo75_real40,101,40,75,1,8,0,1,1
typo75_real40,102,40,75,1,6,1,1,1
typo75_real40,103,40,75,1,6,2,1,0
typo75_real40,104,40,75,0,5,0,1,1
typo75_real40,106,40,75,1,9,4,0,1
typo75_real40,107,40,75,1,8,4,1,1
typo75_real40,108,40,75,0,9,2,0,1
typo75_real40,109,40,75,1,7,1,0,0
typo75_real40,110,40,75,1,2,0,1,1
typo75_real40,111,40,75,1,2,0,1,1
typo75_real40,112,40,75,1,8,4,1,1
typo75_real40,113,40,75,1,2,1,0,0
typo75_real40,114,40,75,0,9,4,1,1
typo75_real40,115,40,75,1,5,3,1,1
typo75_real40,116,40,75,1,6,2,1,1
typo75_real40,117,40,75,1,3,1,1,0
typo75_real40,118,40,75,1,2,0,1,1
typo75_real40,119,40,75,1,2,0,1,1
typo75_real40,120,40,75,0,7,2,1,1
typo75_real40,121,40,75,1,8,3,1,1
typo75_real40,122,40,75,1,9,1,1,1
typo75_real40,123,40,75,1,6,1,1,1
typo75_real40,124,40,75,1,6,2,1,0
typo75_real40,125,40,75,0,9,1,1,1
typo75_real40,126,40,75,1,8,2,1,1
typo75_real40,127,40,75,1,5,3,1,1
typo75_real40,128,40,75,1,9,4,1,0
typo75_real40,129,40,75,1,2,0,1,1
typo75_real40,130,40,75,1,6,2,0,0
typo75_real40,131,40,75,1,4,1,1,1
typo75_real40,132,40,75,1,2,0,1,1
typo75_real40,133,40,75,1,8,2,1,1
typo75_real40,134,40,75,1,5,2,1,0
typo75_real40,135,40,75,1,8,1,0,1
typo75_real40,136,40,75,1,6,1,1,1
typo75_real40,137,40,75,1,2,0,1,1
typo75_real40,138,40,75,0,8,1,0,1
typo75_real40,139,40,75,1,3,1,1,1
typo75_real40,140,40,75,1,5,3,1,1
typo75_real40,141,40,75,1,6,1,1,1
typo75_real40,142,40,75,0,6,0,1,1
typo75_real40,143,40,75,1,4,0,1,1
typo75_real40,144,40,75,1,5,0,1,1
typo75_real40,145,40,75,1,1,0,1,1
typo75_real40,146,40,75,0,1,2,1,1
typo75_real40,147,40,75,1,9,1,1,1
typo75_real40,148,40,75,1,2,2,0,0
typo75_real40,149,40,75,1,8,3,1,0
typo75_real40,150,40,75,0,2,1,0,1
typo75_real40,151,40,75,0,8,1,1,1
typo75_real40,152,40,75,0,5,3,1,0
typo75_real40,153,40,75,0,8,2,1,1
typo75_real40,155,40,75,1,2,0,1,1
typo75_real40,156,40,75,1,2,1,1,0
typo75_real40,158,40,75,1,0,0,1,1
typo75_real40,159,40,75,1,4,0,1,1
typo75_real40,160,40,75,1,6,0,1,1
typo75_real40,161,40,75,0,8,3,1,1
typo75_real40,162,40,75,1,6,1,1,1
typo75_real40,163,40,75,1,2,0,1,1
typo75_real40,164,40,75,1,3,0,1,1
typo75_real40,165,40,75,1,6,2,1,1
typo75_real40,166,40,75,0,6,1,1,1
typo75_real40,167,40,75,0,8,4,1,0
typo75_real40,168,40,75,1,8,4,1,1
typo75_real40,169,40,75,1,4,0,1,1
typo75_real40,170,40,75,0,6,1,1,0
typo75_real40,171,40,75,0,9,2,1,1
typo75_real40,172,40,75,0,6,1,1,1
typo75_real40,173,40,75,1,2,0,1,1
typo75_real40,174,40,75,1,8,2,1,0
typo75_real40,175,40,75,1,8,3,1,0
typo75_real40,176,40,75,0,2,0,1,1
typo75_real40,178,40,75,0,8,4,0,0
typo75_real40,179,40,75,1,8,4,1,1
typo75_real40,180,40,75,1,8,3,1,0
typo75_real40,181,40,75,0,6,1,1,1
typo75_real40,182,40,75,1,5,1,1,1
typo75_real40,183,40,75,1,8,2,1,1
typo75_real40,184,40,75,1,6,1,1,1
typo75_real40,185,40,75,1,8,1,1,1
typo75_real40,186,40,75,1,2,0,1,1
typo75_real40,187,40,75,1,2,1,1,1
typo75_real40,188,40,75,0,6,1,1,1
typo75_real40,189,40,75,0,5,0,1,1
typo75_real40,190,40,75,1,9,4,0,1
typo75_real40,191,40,75,1,8,4,1,1
typo75_real40,192,40,75,1,2,1,1,1
typo75_real40,193,40,75,1,6,1,1,1
typo75_real40,194,40,75,1,5,1,1,1
typo75_real40,195,40,75,1,8,1,0,0
typo75_real40,196,40,75,1,7,0,1,1
typo75_real40,197,40,75,1,8,4,1,1
typo75_real40,198,40,75,0,9,3,1,1
typo75_real40,199,40,75,1,5,0,1,1
typo75_real40,200,40,75,1,6,1,1,1
typo75_real40,201,40,75,1,2,0,1,1
typo75_real40,202,40,75,1,2,0,1,1
typo75_real40,203,40,75,1,6,2,1,0
typo75_real40,204,40,75,1,2,0,1,1
typo75_real40,205,40,75,1,5,0,1,1
typo75_real40,206,40,75,1,8,1,1,1
typo75_real40,207,40,75,0,2,0,1,1
typo75_real40,208,40,75,0,5,0,1,1
typo75_real40,209,40,75,1,8,2,1,0
typo75_real40,210,40,75,1,5,0,1,1
typo75_real40,211,40,75,1,8,2,0,1
typo75_real40,212,40,75,1,2,0,1,1
typo75_real40,213,40,75,1,5,0,1,1
typo75_real40,215,40,75,1,2,0,1,1
typo75_real40,217,40,75,1,4,0,1,1
typo75_real40,218,40,75,1,8,2,1,0
typo75_real40,219,40,75,1,6,1,1,1
typo75_real40,220,40,75,1,5,1,1,1
typo75_real40,221,40,75,0,5,3,1,1
typo75_real40,222,40,75,1,5,0,1,1
typo75_real40,223,40,75,1,6,0,1,1
typo75_real40,224,40,75,1,2,0,1,1
typo75_real40,225,40,75,1,6,2,1,1
typo75_real40,226,40,75,0,5,0,1,1
typo75_real40,227,40,75,1,8,4,1,0
typo75_real40,228,40,75,1,6,1,1,1
typo75_real40,229,40,75,0,6,1,1,1
typo75_real40,230,40,75,0,8,2,1,1
typo75_real40,231,40,75,0,6,0,1,1
typo75_real40,232,40,75,0,4,1,1,0
typo75_real40,234,40,75,1,6,4,1,1
typo75_real40,235,40,75,0,8,4,1,1
typo75_real40,236,40,75,0,9,4,1,1
typo75_real40,237,40,75,1,5,1,1,0
typo75_real40,238,40,75,1,8,1,1,1
typo75_real40,239,40,75,1,6,1,1,1
typo75_real40,240,40,75,1,4,2,1,1
typo75_real40,241,40,75,1,2,0,1,1
typo75_real40,242,40,75,1,2,0,1,1
typo75_real40,243,40,75,1,9,2,1,1
typo75_real40,244,40,75,0,2,2,1,0
typo75_real40,245,40,75,1,2,0,1,1
typo75_real40,246,40,75,1,2,0,1,1
typo75_real40,247,40,75,0,9,1,1,1
typo75_real40,249,40,75,1,8,1,1,1
typo75_real40,250,40,75,0,8,3,1,1
typo75_real40,251,40,75,0,6,5,1,1
typo75_real40,252,40,75,1,2,1,1,1
typo75_real40,253,40,75,1,8,2,0,1
typo75_real40,254,40,75,1,6,1,1,1
typo75_real40,255,40,75,0,9,4,0,0
typo75_real40,256,40,75,1,9,2,1,0
typo75_real40,257,40,75,1,8,3,1,1
typo75_real40,258,40,75,1,4,0,0,1
typo75_real40,259,40,75,1,2,1,1,1
typo75_real40,260,40,75,1,8,2,1,0
typo75_real40,261,40,75,1,8,2,1,1
typo75_real40,262,40,75,1,9,5,1,0
typo75_real40,264,40,75,1,2,0,1,1
typo75_real40,265,40,75,1,8,2,1,1
typo75_real40,266,40,75,0,9,2,1,1
typo75_real40,267,40,75,1,8,2,1,1
typo75_real40,268,40,75,0,2,1,1,1
typo75_real40,269,40,75,1,5,0,1,1
typo75_real40,270,40,75,0,8,4,1,0
typo75_real40,271,40,75,1,2,0,1,1
typo75_real40,272,40,75,1,5,1,1,1
typo75_real40,274,40,75,1,9,4,1,1
typo75_real40,275,40,75,1,3,0,1,1
typo75_real40,277,40,75,1,5,1,1,1
typo75_real40,278,40,75,1,8,4,1,0
typo75_real40,279,40,75,1,4,0,1,1
typo75_real40,280,40,75,0,6,2,0,1
typo75_real40,281,40,75,1,5,0,1,1
typo75_real40,282,40,75,1,8,4,1,0
typo75_real40,283,40,75,0,9,1,1,1
typo75_real40,284,40,75,1,5,0,1,1
typo75_real40,285,40,75,1,2,0,1,1
typo75_real40,286,40,75,1,2,0,1,1
typo75_real40,287,40,75,1,5,1,1,0
typo75_real40,288,40,75,0,9,1,1,1
typo75_real40,289,40,75,0,8,2,1,0
typo75_real40,290,40,75,1,2,0,1,1
typo75_real40,291,40,75,0,9,2,1,0
typo75_real40,292,40,75,1,0,0,1,1
typo75_real40,293,40,75,1,7,3,1,1
typo75_real40,294,40,75,1,2,0,1,1
typo75_real40,295,40,75,1,6,1,1,1
typo75_real40,296,40,75,0,4,1,1,1
typo75_real40,297,40,75,1,7,2,0,1
typo75_real40,298,40,75,0,6,2,1,1
typo75_real40,299,40,75,0,4,2,1,0
typo75_real40,300,40,75,0,8,3,1,0
typo75_real40,301,40,75,1,5,0,1,1
typo75_real40,302,40,75,1,9,3,1,1
typo75_real40,303,40,75,0,4,2,1,0
typo75_real40,304,40,75,1,8,4,0,1
typo75_real40,305,40,75,1,2,1,1,0
typo75_real40,306,40,75,0,5,2,1,0
typo75_real40,307,40,75,1,9,1,1,1
typo75_real40,308,40,75,1,8,2,0,1
typo75_real40,309,40,75,1,9,2,1,1
typo75_real40,310,40,75,0,6,2,0,1
typo75_real40,312,40,75,1,2,0,1,1
typo75_real40,313,40,75,1,5,0,1,1
typo75_real40,314,40,75,1,6,2,1,1
typo75_real40,315,40,75,1,0,0,1,1
typo75_real40,316,40,75,0,8,1,1,1
typo75_real40,317,40,75,1,8,1,0,1
typo75_real40,318,40,75,0,8,1,1,0
typo75_real40,320,40,75,0,8,2,1,0
typo75_real40,321,40,75,1,2,0,1,1
typo75_real40,322,40,75,1,5,0,0,1
typo75_real40,323,40,75,1,2,0,1,1
typo75_real40,324,40,75,0,6,1,1,1
typo75_real40,325,40,75,1,3,0,1,1
typo75_real40,326,40,75,1,9,4,1,0
typo75_real40,327,40,75,0,2,0,1,1
typo75_real40,328,40,75,0,9,4,1,0
typo75_real40,329,40,75,0,5,0,1,1
typo75_real40,330,40,75,1,6,2,0,0
typo75_real40,331,40,75,1,8,1,1,0
typo75_real40,332,40,75,1,5,0,1,1
typo75_real40,333,40,75,0,5,0,1,1
typo75_real40,334,40,75,1,8,2,1,0
typo75_real40,335,40,75,1,8,2,1,0
typo75_real40,336,40,75,1,2,0,1,1
typo75_real40,337,40,75,1,2,0,1,1
typo75_real40,338,40,75,1,2,0,1,1
typo75_real40,339,40,75,1,6,0,1,0
typo75_real40,340,40,75,1,2,0,1,1
typo75_real40,341,40,75,1,3,0,1,1
typo75_real40,342,40,75,1,2,0,1,1
typo75_real40,343,40,75,0,6,2,1,1
typo75_real40,344,40,75,1,8,2,1,1
typo75_real40,345,40,75,1,0,0,1,1
typo75_real40,346,40,75,0,8,2,1,1
typo75_real40,347,40,75,1,2,0,1,1
typo75_real40,348,40,75,1,2,0,1,1
typo75_real40,349,40,75,1,8,1,1,1
typo75_real40,350,40,75,1,2,1,1,1
typo75_real40,351,40,75,0,5,0,1,1
typo75_real40,352,40,75,0,2,1,1,1
typo75_real40,353,40,75,1,6,1,1,1
typo75_real40,354,40,75,0,9,2,1,1
typo75_real40,355,40,75,1,6,1,1,0
typo75_real40,356,40,75,1,8,4,1,1
typo75_real40,357,40,75,1,6,0,1,1
typo75_real40,358,40,75,1,6,0,1,1
typo75_real40,359,40,75,0,8,4,1,0
typo75_real40,360,40,75,1,4,1,1,0
typo75_real40,361,40,75,1,0,0,1,1
typo75_real40,362,40,75,0,9,2,0,1
typo75_real40,363,40,75,1,8,1,1,1
typo75_real40,364,40,75,0,8,3,0,0
typo75_real40,365,40,75,0,8,2,1,1
typo75_real40,367,40,75,1,5,0,1,1
typo75_real40,368,40,75,1,2,0,1,1
typo75_real40,369,40,75,1,5,0,1,1
typo75_real40,370,40,75,1,4,1,1,1
typo75_real40,371,40,75,1,5,0,1,1
typo75_real40,372,40,75,0,9,4,1,0
typo75_real40,373,40,75,1,6,1,1,1
typo75_real40,374,40,75,1,0,0,1,1
typo75_real40,375,40,75,1,6,0,1,1
typo75_real40,376,40,75,1,9,5,1,0
typo75_real40,377,40,75,1,5,0,1,1
typo75_real40,379,40,75,1,3,0,1,1
typo75_real40,380,40,75,1,6,0,1,1
typo75_real40,381,40,75,0,9,3,1,1
typo75_real40,382,40,75,1,6,1,1,1
typo75_real40,383,40,75,0,9,4,0,0
typo75_real40,384,40,75,1,6,0,1,1
typo75_real40,385,40,75,1,5,0,1,1
typo75_real40,386,40,75,1,5,0,1,1
typo75_real40,387,40,75,1,5,0,1,1
typo75_real40,388,40,75,1,6,1,1,1
typo75_real40,389,40,75,0,9,3,1,0
typo75_real40,390,40,75,1,9,4,1,0
typo75_real40,391,40,75,1,5,0,1,1
typo75_real40,392,40,75,1,5,2,0,1
typo75_real40,393,40,75,1,8,1,1,1
typo75_real40,394,40,75,1,5,0,1,1
typo75_real40,395,40,75,1,2,0,1,1
typo75_real40,396,40,75,1,4,0,1,1
typo75_real40,397,40,75,1,4,0,1,1
typo75_real40,398,40,75,1,6,0,1,1
typo75_real40,400,40,75,0,9,1,1,1
typo75_real40,401,40,75,1,8,2,1,1
typo75_real40,403,40,75,1,5,1,1,1
typo75_real40,404,40,75,1,6,0,1,1
typo75_real40,405,40,75,1,5,1,1,1
typo75_real40,406,40,75,0,6,0,1,1
typo75_real40,407,40,75,1,6,1,1,1
typo75_real40,408,40,75,1,2,0,1,1
typo75_real40,409,40,75,1,2,0,1,1
typo75_real40,410,40,75,1,8,3,1,1
typo75_real40,411,40,75,0,7,2,1,1
typo75_real40,412,40,75,1,6,2,1,0
typo75_real40,413,40,75,1,6,2,1,0
typo75_real40,414,40,75,1,2,3,1,1
typo75_real40,415,40,75,1,9,5,1,0
typo75_real40,416,40,75,1,6,0,1,1
typo75_real40,417,40,75,1,9,1,1,1
typo75_real40,418,40,75,1,2,0,1,1
typo75_real40,419,40,75,1,5,0,1,1
typo75_real40,420,40,75,1,8,2,1,1
typo75_real40,421,40,75,1,6,1,1,1
typo75_real40,422,40,75,1,6,1,1,1
typo75_real40,423,40,75,1,0,0,1,1
typo75_real40,424,40,75,1,9,2,1,1
typo75_real40,425,40,75,0,6,0,1,1
typo75_real40,426,40,75,1,6,1,1,1
typo75_real40,427,40,75,1,2,1,1,1
typo75_real40,428,40,75,1,2,0,1,1
typo75_real40,429,40,75,1,6,0,1,0
typo75_real40,430,40,75,1,6,1,1,1
typo75_real40,431,40,75,1,6,2,1,1
typo75_real40,432,40,75,1,2,0,1,1
typo75_real40,433,40,75,1,8,2,0,1
typo75_real40,434,40,75,1,8,4,1,1
typo75_real40,435,40,75,1,6,3,1,1
typo75_real40,436,40,75,1,5,0,1,1
typo75_real40,437,40,75,1,0,3,1,1
typo75_real40,439,40,75,1,6,1,1,1
typo75_real40,440,40,75,1,2,0,1,1
typo75_real40,441,40,75,1,8,2,1,1
typo75_real40,442,40,75,1,8,4,0,1
typo75_real40,443,40,75,0,9,4,1,1
typo75_real40,444,40,75,0,9,2,1,0
typo75_real40,445,40,75,1,5,0,1,1
typo75_real40,446,40,75,1,9,2,1,1
typo75_real40,447,40,75,1,5,1,1,1
typo75_real40,448,40,75,1,5,0,1,1
typo75_real40,449,40,75,0,6,2,1,0
typo75_real40,450,40,75,1,8,4,0,1
typo75_real40,451,40,75,1,5,1,1,1
typo75_real40,452,40,75,1,1,0,1,1
typo75_real40,453,40,75,0,6,2,1,1
typo75_real40,454,40,75,1,9,4,1,0
typo75_real40,455,40,75,1,6,1,1,1
typo75_real40,456,40,75,1,8,2,1,0
typo75_real40,457,40,75,1,4,1,0,0
typo75_real40,458,40,75,1,3,0,1,1
typo75_real40,459,40,75,1,8,2,1,1
typo75_real40,460,40,75,1,5,0,1,1
typo75_real40,461,40,75,1,5,3,1,1
typo75_real40,463,40,75,1,2,1,1,1
typo75_real40,464,40,75,1,2,0,1,1
typo75_real40,465,40,75,1,5,2,1,1
typo75_real40,466,40,75,0,6,1,1,1
typo75_real40,467,40,75,1,0,0,1,1
typo75_real40,468,40,75,0,8,1,1,1
typo75_real40,469,40,75,1,2,0,1,1
typo75_real40,470,40,75,1,5,0,1,1
typo75_real40,471,40,75,1,5,0,1,1
typo75_real40,472,40,75,1,2,0,1,1
typo75_real40,474,40,75,1,6,1,1,1
typo75_real40,475,40,75,1,8,4,1,0
typo75_real40,476,40,75,1,5,1,1,1
typo75_real40,477,40,75,1,8,4,1,0
typo75_real40,478,40,75,0,5,0,1,1
typo75_real40,479,40,75,1,6,1,1,1
typo75_real40,480,40,75,1,8,2,0,1
typo75_real40,482,40,75,1,5,0,1,1
typo75_real40,483,40,75,1,2,0,1,1
typo75_real40,484,40,75,1,8,4,1,1
typo75_real40,485,40,75,1,5,0,1,1
typo75_real40,486,40,75,1,2,0,1,1
typo75_real40,487,40,75,1,8,2,1,1
typo75_real40,488,40,75,1,8,2,1,1
typo75_real40,489,40,75,1,5,0,1,1
typo75_real40,490,40,75,1,6,4,1,0
typo75_real40,491,40,75,1,8,4,1,1
typo75_real40,492,40,75,1,6,1,1,1
typo75_real40,493,40,75,1,2,1,1,1
typo75_real40,494,40,75,1,6,0,1,1
typo75_real40,495,40,75,1,2,0,1,1
typo75_real40,496,40,75,1,6,1,1,0
typo75_real40,497,40,75,1,6,1,1,1
typo75_real40,498,40,75,1,6,0,1,1
typo75_real40,499,40,75,1,8,1,1,1
typo75_real70,0,70,75,1,6,2,0,1
typo75_real70,1,70,75,1,2,0,1,1
typo75_real70,2,70,75,1,6,1,1,1
typo75_real70,3,70,75,1,2,1,1,1
typo75_real70,4,70,75,1,8,2,0,1
typo75_real70,5,70,75,0,5,2,1,1
typo75_real70,6,70,75,1,6,1,1,1
typo75_real70,7,70,75,0,6,3,1,1
typo75_real70,8,70,75,1,8,1,1,1
typo75_real70,9,70,75,0,8,3,1,0
typo75_real70,10,70,75,1,8,2,1,0
typo75_real70,11,70,75,1,6,1,1,1
typo75_real70,12,70,75,1,9,4,1,0
typo75_real70,13,70,75,0,9,2,1,1
typo75_real70,14,70,75,1,8,2,1,0
typo75_real70,15,70,75,1,8,2,0,0
typo75_real70,16,70,75,1,1,1,1,1
typo75_real70,17,70,75,0,6,2,1,1
typo75_real70,18,70,75,1,2,0,1,1
typo75_real70,19,70,75,0,6,2,1,1
typo75_real70,20,70,75,1,5,2,1,1
typo75_real70,21,70,75,1,5,0,1,1
typo75_real70,22,70,75,1,8,2,1,0
typo75_real70,23,70,75,1,8,1,1,1
typo75_real70,24,70,75,0,9,4,0,1
typo75_real70,25,70,75,1,8,4,1,1
typo75_real70,26,70,75,0,8,4,0,0
typo75_real70,28,70,75,1,8,3,1,0
typo75_real70,29,70,75,1,8,2,1,0
typo75_real70,30,70,75,1,6,1,1,1
typo75_real70,31,70,75,1,5,2,1,1
typo75_real70,32,70,75,1,2,0,1,1
typo75_real70,33,70,75,1,5,0,1,1
typo75_real70,34,70,75,1,2,0,1,1
typo75_real70,35,70,75,1,8,2,1,0
typo75_real70,36,70,75,1,8,4,0,0
typo75_real70,37,70,75,0,9,1,1,1
typo75_real70,38,70,75,1,5,0,1,1
typo75_real70,39,70,75,1,6,1,1,1
typo75_real70,40,70,75,1,1,1,1,0
typo75_real70,41,70,75,0,9,2,0,1
typo75_real70,42,70,75,1,8,2,1,0
typo75_real70,43,70,75,1,5,0,1,1
typo75_real70,44,70,75,1,5,0,1,1
typo75_real70,45,70,75,1,8,3,1,1
typo75_real70,46,70,75,1,2,1,1,1
typo75_real70,47,70,75,1,2,0,1,1
typo75_real70,48,70,75,1,5,1,1,1
typo75_real70,49,70,75,0,9,4,1,1
typo75_real70,50,70,75,1,6,1,1,1
typo75_real70,51,70,75,0,9,3,0,0
typo75_real70,52,70,75,1,6,2,1,1
typo75_real70,53,70,75,0,8,2,1,1
typo75_real70,54,70,75,0,5,2,1,0
typo75_real70,55,70,75,1,2,1,1,1
typo75_real70,56,70,75,1,8,1,1,1
typo75_real70,57,70,75,1,2,2,1,1
typo75_real70,58,70,75,0,2,0,1,1
typo75_real70,59,70,75,1,2,0,1,1
typo75_real70,60,70,75,1,9,4,1,1
typo75_real70,61,70,75,1,5,3,1,1
typo75_real70,62,70,75,1,9,4,1,1
typo75_real70,63,70,75,1,0,0,1,1
typo75_real70,64,70,75,1,8,2,1,1
typo75_real70,65,70,75,1,8,4,1,1
typo75_real70,66,70,75,1,2,0,1,1
typo75_real70,67,70,75,1,8,2,1,0
typo75_real70,68,70,75,1,8,2,1,0
typo75_real70,69,70,75,1,6,1,1,1
typo75_real70,71,70,75,0,6,0,0,1
typo75_real70,72,70,75,0,6,2,1,1
typo75_real70,73,70,75,1,8,3,1,0
typo75_real70,74,70,75,1,5,0,1,1
typo75_real70,75,70,75,1,9,2,1,1
typo75_real70,76,70,75,1,6,3,1,1
typo75_real70,77,70,75,1,8,2,1,1
typo75_real70,78,70,75,1,8,1,1,1
typo75_real70,79,70,75,0,9,5,1,0
typo75_real70,80,70,75,1,2,1,1,1
typo75_real70,81,70,75,0,9,4,1,1
typo75_real70,82,70,75,1,6,0,1,1
typo75_real70,83,70,75,1,8,4,1,0
typo75_real70,84,70,75,0,8,2,1,1
typo75_real70,85,70,75,1,2,1,1,1
typo75_real70,86,70,75,1,5,0,1,1
typo75_real70,87,70,75,1,2,1,1,0
typo75_real70,89,70,75,1,6,1,1,1
typo75_real70,90,70,75,1,9,5,1,0
typo75_real70,91,70,75,1,9,4,0,1
typo75_real70,92,70,75,0,8,4,1,1
typo75_real70,93,70,75,1,8,2,1,1
typo75_real70,94,70,75,1,2,2,1,0
typo75_real70,95,70,75,1,6,2,0,1
typo75_real70,96,70,75,1,9,5,1,0
typo75_real70,97,70,75,1,6,2,1,1
typo75_real70,98,70,75,1,9,5,1,0
typo75_real70,99,70,75,1,6,0,0,1
typo75_real70,100,70,75,1,2,0,1,1
typo75_real70,101,70,75,1,9,4,1,0
typo75_real70,103,70,75,1,2,1,1,0
typo75_real70,104,70,75,0,1,2,1,1
typo75_real70,105,70,75,0,8,4,1,0
typo75_real70,106,70,75,1,9,4,1,1
typo75_real70,107,70,75,0,9,4,1,1
typo75_real70,108,70,75,1,8,2,1,1
typo75_real70,109,70,75,1,5,0,1,1
typo75_real70,110,70,75,1,2,0,1,1
typo75_real70,111,70,75,1,8,0,1,1
typo75_real70,112,70,75,0,9,4,1,1
typo75_real70,113,70,75,0,8,2,0,1
typo75_real70,114,70,75,1,8,4,1,1
typo75_real70,115,70,75,1,5,0,1,1
typo75_real70,116,70,75,1,5,1,1,0
typo75_real70,117,70,75,1,2,0,1,1
typo75_real70,118,70,75,1,2,0,1,1
typo75_real70,119,70,75,1,6,2,1,1
typo75_real70,121,70,75,1,6,1,1,0
typo75_real70,122,70,75,0,6,1,1,1
typo75_real70,123,70,75,1,7,1,1,1
typo75_real70,124,70,75,1,1,0,1,1
typo75_real70,125,70,75,1,8,1,1,1
typo75_real70,126,70,75,0,8,2,1,0
typo75_real70,127,70,75,1,8,2,0,0
typo75_real70,128,70,75,0,8,4,1,0
typo75_real70,129,70,75,0,5,0,1,1
typo75_real70,130,70,75,1,2,0,1,1
typo75_real70,131,70,75,1,8,2,0,1
typo75_real70,132,70,75,1,8,4,1,1
typo75_real70,133,70,75,1,4,2,1,1
typo75_real70,134,70,75,1,2,1,1,0
typo75_real70,135,70,75,1,6,1,1,1
typo75_real70,136,70,75,1,0,0,1,1
typo75_real70,137,70,75,1,5,0,1,1
typo75_real70,138,70,75,0,4,1,1,1
typo75_real70,139,70,75,1,5,2,1,1
typo75_real70,140,70,75,1,5,1,1,1
typo75_real70,141,70,75,0,5,2,1,1
typo75_real70,142,70,75,0,6,1,1,1
typo75_real70,143,70,75,1,2,0,1,1
typo75_real70,144,70,75,1,2,0,1,1
typo75_real70,145,70,75,1,8,2,1,0
typo75_real70,146,70,75,0,8,4,1,0
typo75_real70,147,70,75,1,9,1,1,1
typo75_real70,148,70,75,1,2,0,1,1
typo75_real70,149,70,75,1,2,0,1,1
typo75_real70,151,70,75,1,8,1,1,1
typo75_real70,152,70,75,0,6,0,1,1
typo75_real70,153,70,75,0,8,2,1,1
typo75_real70,154,70,75,1,5,3,1,0
typo75_real70,155,70,75,1,5,0,1,1
typo75_real70,156,70,75,1,2,2,0,0
typo75_real70,157,70,75,1,8,4,1,1
typo75_real70,158,70,75,1,2,0,1,1
typo75_real70,159,70,75,1,4,0,1,1
typo75_real70,160,70,75,1,2,0,1,1
typo75_real70,161,70,75,0,9,2,1,1
typo75_real70,162,70,75,0,9,1,1,1
typo75_real70,163,70,75,1,3,0,1,1
typo75_real70,164,70,75,1,9,1,1,1
typo75_real70,165,70,75,1,6,1,1,1
typo75_real70,166,70,75,1,8,3,1,0
typo75_real70,167,70,75,0,6,3,1,1
typo75_real70,169,70,75,1,2,0,1,1
typo75_real70,170,70,75,0,9,4,1,0
typo75_real70,171,70,75,0,9,4,1,1
typo75_real70,173,70,75,1,4,0,1,1
typo75_real70,174,70,75,1,6,1,0,1
typo75_real70,175,70,75,1,2,0,1,1
typo75_real70,176,70,75,0,5,0,1,1
typo75_real70,177,70,75,1,2,0,1,1
typo75_real70,178,70,75,1,8,4,1,0
typo75_real70,179,70,75,1,8,4,0,1
typo75_real70,180,70,75,1,5,0,1,1
typo75_real70,182,70,75,1,5,0,1,1
typo75_real70,183,70,75,1,9,2,1,1
typo75_real70,184,70,75,1,8,2,1,1
typo75_real70,185,70,75,1,9,4,1,1
typo75_real70,186,70,75,1,0,0,1,1
typo75_real70,187,70,75,1,1,1,1,1
typo75_real70,188,70,75,0,8,2,1,1
typo75_real70,189,70,75,1,2,0,1,1
typo75_real70,190,70,75,0,9,2,1,0
typo75_real70,191,70,75,1,6,4,0,0
typo75_real70,192,70,75,1,2,1,1,1
typo75_real70,193,70,75,1,6,0,1,1
typo75_real70,194,70,75,1,8,2,1,1
typo75_real70,195,70,75,1,8,3,0,1
typo75_real70,196,70,75,1,7,2,1,1
typo75_real70,197,70,75,1,8,4,0,0
typo75_real70,198,70,75,1,8,2,1,0
typo75_real70,199,70,75,1,5,1,1,0
typo75_real70,200,70,75,1,5,0,1,1
typo75_real70,201,70,75,1,3,0,1,1
typo75_real70,202,70,75,1,2,0,1,1
typo75_real70,203,70,75,1,8,4,1,1
typo75_real70,204,70,75,1,4,0,1,1
typo75_real70,205,70,75,1,5,0,1,1
typo75_real70,206,70,75,1,8,1,1,1
typo75_real70,207,70,75,0,6,2,0,1
typo75_real70,208,70,75,0,5,1,1,1
typo75_real70,209,70,75,1,8,2,1,0
typo75_real70,210,70,75,0,9,4,1,1
typo75_real70,211,70,75,1,5,0,1,1
typo75_real70,212,70,75,1,6,1,0,1
typo75_real70,213,70,75,1,2,0,1,1
typo75_real70,214,70,75,1,8,3,0,1
typo75_real70,215,70,75,1,2,0,1,1
typo75_real70,216,70,75,1,6,4,0,0
typo75_real70,217,70,75,1,0,0,1,1
typo75_real70,218,70,75,1,9,2,1,1
typo75_real70,219,70,75,1,8,1,0,1
typo75_real70,220,70,75,1,2,0,1,1
typo75_real70,222,70,75,1,2,1,1,1
typo75_real70,223,70,75,0,6,0,1,1
typo75_real70,224,70,75,1,8,4,1,0
typo75_real70,225,70,75,1,2,1,1,1
typo75_real70,227,70,75,0,9,5,0,0
typo75_real70,228,70,75,1,5,0,1,1
typo75_real70,229,70,75,0,6,3,1,1
typo75_real70,230,70,75,1,8,2,1,1
typo75_real70,232,70,75,0,8,4,1,1
typo75_real70,233,70,75,0,9,5,1,0
typo75_real70,234,70,75,1,8,4,1,1
typo75_real70,235,70,75,0,8,1,1,0
typo75_real70,236,70,75,1,8,4,1,0
typo75_real70,237,70,75,1,5,2,1,1
typo75_real70,238,70,75,1,5,2,1,1
typo75_real70,239,70,75,1,6,1,1,1
typo75_real70,240,70,75,1,2,0,1,1
typo75_real70,241,70,75,1,8,1,0,1
typo75_real70,242,70,75,1,5,0,1,1
typo75_real70,243,70,75,1,4,1,1,1
typo75_real70,244,70,75,1,2,2,1,0
typo75_real70,246,70,75,1,2,0,1,1
typo75_real70,247,70,75,0,7,1,1,1
typo75_real70,248,70,75,1,2,0,1,1
typo75_real70,249,70,75,1,8,2,1,1
typo75_real70,250,70,75,1,9,2,1,1
typo75_real70,251,70,75,1,8,2,1,1
typo75_real70,252,70,75,1,1,0,1,1
typo75_real70,253,70,75,0,8,3,1,1
typo75_real70,254,70,75,1,6,1,1,1
typo75_real70,255,70,75,0,9,2,0,0
typo75_real70,256,70,75,0,8,2,1,1
typo75_real70,257,70,75,0,8,2,1,1
typo75_real70,258,70,75,1,5,0,1,1
typo75_real70,259,70,75,1,8,4,1,0
typo75_real70,260,70,75,1,9,3,1,0
typo75_real70,261,70,75,1,6,0,0,1
typo75_real70,262,70,75,1,8,4,1,1
typo75_real70,263,70,75,0,8,2,1,0
typo75_real70,264,70,75,1,2,0,1,1
typo75_real70,265,70,75,0,9,3,1,1
typo75_real70,266,70,75,0,8,1,1,1
typo75_real70,267,70,75,1,8,2,1,1
typo75_real70,268,70,75,1,2,0,1,1
typo75_real70,269,70,75,1,2,1,1,1
typo75_real70,270,70,75,0,2,0,1,1
typo75_real70,271,70,75,1,2,0,1,1
typo75_real70,272,70,75,1,5,1,1,1
typo75_real70,273,70,75,1,6,1,1,1
typo75_real70,274,70,75,0,8,4,0,0
typo75_real70,275,70,75,1,3,0,1,1
typo75_real70,276,70,75,1,6,0,1,1
typo75_real70,277,70,75,1,2,0,1,1
typo75_real70,278,70,75,1,8,4,1,0
typo75_real70,280,70,75,0,6,1,1,1
typo75_real70,281,70,75,1,2,0,1,0
typo75_real70,282,70,75,1,5,0,1,1
typo75_real70,283,70,75,1,9,2,1,1
typo75_real70,284,70,75,1,4,0,1,1
typo75_real70,285,70,75,1,8,4,1,0
typo75_real70,286,70,75,1,2,0,1,1
typo75_real70,287,70,75,1,8,2,1,0
typo75_real70,288,70,75,0,9,2,1,0
typo75_real70,289,70,75,0,6,2,1,1
typo75_real70,290,70,75,1,2,0,1,1
typo75_real70,291,70,75,0,8,3,1,0
typo75_real70,292,70,75,0,5,1,1,1
typo75_real70,293,70,75,1,4,2,0,0
typo75_real70,294,70,75,1,2,0,1,0
typo75_real70,295,70,75,1,8,2,1,0
typo75_real70,296,70,75,1,2,1,1,0
typo75_real70,297,70,75,0,8,3,1,1
typo75_real70,298,70,75,0,8,3,1,0
typo75_real70,299,70,75,0,5,0,1,1
typo75_real70,301,70,75,1,5,1,1,0
typo75_real70,302,70,75,1,9,2,0,1
typo75_real70,303,70,75,1,6,0,1,1
typo75_real70,304,70,75,1,9,5,0,1
typo75_real70,305,70,75,1,5,0,1,1
typo75_real70,306,70,75,0,6,4,1,1
typo75_real70,307,70,75,0,9,2,1,0
typo75_real70,308,70,75,1,8,4,1,0
typo75_real70,309,70,75,1,8,2,1,1
typo75_real70,310,70,75,0,8,1,1,0
typo75_real70,311,70,75,1,4,2,0,0
typo75_real70,312,70,75,1,2,0,1,1
typo75_real70,313,70,75,1,8,4,1,1
typo75_real70,314,70,75,0,6,3,1,1
typo75_real70,315,70,75,0,5,0,1,1
typo75_real70,316,70,75,0,8,1,1,1
typo75_real70,318,70,75,0,8,1,1,1
typo75_real70,319,70,75,1,8,2,0,1
typo75_real70,320,70,75,0,2,0,1,1
typo75_real70,321,70,75,0,9,1,1,1
typo75_real70,322,70,75,1,8,1,1,1
typo75_real70,323,70,75,1,3,0,1,1
typo75_real70,324,70,75,1,6,2,1,1
typo75_real70,325,70,75,1,2,0,1,1
typo75_real70,326,70,75,0,2,3,1,0
typo75_real70,327,70,75,0,9,4,1,1
typo75_real70,328,70,75,0,6,0,1,1
typo75_real70,329,70,75,0,8,4,0,0
typo75_real70,330,70,75,1,6,2,1,0
typo75_real70,331,70,75,0,8,1,1,0
typo75_real70,332,70,75,1,6,1,1,1
typo75_real70,333,70,75,1,5,0,1,1
typo75_real70,334,70,75,1,9,1,1,1
typo75_real70,335,70,75,1,4,1,1,1
typo75_real70,336,70,75,1,2,0,1,1
typo75_real70,337,70,75,1,2,0,1,1
typo75_real70,338,70,75,1,5,0,1,1
typo75_real70,339,70,75,1,6,2,1,1
typo75_real70,340,70,75,1,5,0,1,1
typo75_real70,341,70,75,1,5,0,1,1
typo75_real70,342,70,75,1,0,0,1,1
typo75_real70,343,70,75,1,6,3,1,1
typo75_real70,344,70,75,1,8,2,1,1
typo75_real70,345,70,75,0,8,1,1,1
typo75_real70,346,70,75,0,6,3,1,0
typo75_real70,347,70,75,1,0,0,1,1
typo75_real70,348,70,75,1,2,0,1,1
typo75_real70,349,70,75,1,9,2,1,0
typo75_real70,350,70,75,1,2,0,1,1
typo75_real70,351,70,75,1,2,0,1,1
typo75_real70,352,70,75,1,8,4,1,1
typo75_real70,353,70,75,1,9,2,1,1
typo75_real70,354,70,75,1,2,0,1,1
typo75_real70,355,70,75,1,6,3,1,0
typo75_real70,356,70,75,1,8,1,1,1
typo75_real70,357,70,75,0,2,0,1,1
typo75_real70,358,70,75,0,9,2,1,0
typo75_real70,359,70,75,0,5,1,1,1
typo75_real70,360,70,75,1,4,2,1,1
typo75_real70,361,70,75,1,1,0,1,1
typo75_real70,362,70,75,1,2,0,1,1
typo75_real70,363,70,75,1,8,2,1,1
typo75_real70,364,70,75,0,2,2,1,0
typo75_real70,365,70,75,1,8,3,1,1
typo75_real70,366,70,75,1,2,0,1,1
typo75_real70,367,70,75,1,6,1,1,1
typo75_real70,368,70,75,1,3,0,1,0
typo75_real70,369,70,75,1,5,2,1,0
typo75_real70,371,70,75,1,6,2,0,1
typo75_real70,372,70,75,0,8,2,1,0
typo75_real70,373,70,75,1,6,2,1,1
typo75_real70,374,70,75,1,0,0,1,1
typo75_real70,375,70,75,1,2,0,1,1
typo75_real70,376,70,75,0,9,3,1,1
typo75_real70,377,70,75,1,2,0,1,1
typo75_real70,378,70,75,1,8,1,1,1
typo75_real70,379,70,75,1,3,1,1,1
typo75_real70,380,70,75,1,6,2,1,1
typo75_real70,381,70,75,0,6,2,1,1
typo75_real70,382,70,75,1,5,2,0,0
typo75_real70,383,70,75,1,9,4,1,1
typo75_real70,384,70,75,1,8,2,1,1
typo75_real70,385,70,75,1,6,1,1,1
typo75_real70,386,70,75,1,5,0,1,1
typo75_real70,387,70,75,1,2,0,1,1
typo75_real70,388,70,75,0,8,3,1,1
typo75_real70,389,70,75,0,6,1,0,1
typo75_real70,390,70,75,1,6,3,1,0
typo75_real70,391,70,75,1,5,0,1,1
typo75_real70,392,70,75,0,8,3,1,1
typo75_real70,393,70,75,1,8,4,1,0
typo75_real70,394,70,75,1,6,0,1,1
typo75_real70,395,70,75,0,6,1,1,1
typo75_real70,396,70,75,1,8,4,1,0
typo75_real70,397,70,75,1,5,3,1,0
typo75_real70,398,70,75,1,6,2,1,1
typo75_real70,399,70,75,0,8,3,1,0
typo75_real70,401,70,75,0,6,1,1,1
typo75_real70,402,70,75,1,6,2,1,1
typo75_real70,403,70,75,1,5,2,1,1
typo75_real70,404,70,75,1,8,2,1,1
typo75_real70,405,70,75,1,8,2,1,0
typo75_real70,406,70,75,0,6,0,1,1
typo75_real70,407,70,75,0,9,2,1,1
typo75_real70,408,70,75,1,2,1,1,1
typo75_real70,409,70,75,1,1,0,1,1
typo75_real70,410,70,75,1,8,4,1,0
typo75_real70,411,70,75,0,8,2,1,1
typo75_real70,412,70,75,1,8,2,1,1
typo75_real70,413,70,75,0,8,2,1,1
typo75_real70,414,70,75,1,5,3,1,1
typo75_real70,415,70,75,1,2,0,1,1
typo75_real70,416,70,75,1,2,0,1,1
typo75_real70,417,70,75,1,2,1,1,0
typo75_real70,418,70,75,1,2,0,1,1
typo75_real70,419,70,75,1,2,1,1,1
typo75_real70,420,70,75,1,8,2,1,1
typo75_real70,421,70,75,1,8,4,1,0
typo75_real70,422,70,75,1,5,1,1,1
typo75_real70,423,70,75,1,5,3,1,0
typo75_real70,424,70,75,1,8,2,1,0
typo75_real70,425,70,75,0,5,0,1,1
typo75_real70,426,70,75,0,6,0,1,1
typo75_real70,427,70,75,1,2,0,1,1
typo75_real70,428,70,75,1,5,0,1,1
typo75_real70,429,70,75,1,5,0,1,1
typo75_real70,430,70,75,1,2,0,1,1
typo75_real70,431,70,75,0,8,2,1,1
typo75_real70,432,70,75,1,2,0,1,1
typo75_real70,433,70,75,1,9,2,1,0
typo75_real70,434,70,75,0,6,0,1,1
typo75_real70,435,70,75,0,8,4,0,0
typo75_real70,436,70,75,1,9,2,1,0
typo75_real70,437,70,75,1,5,4,1,0
typo75_real70,438,70,75,0,9,4,1,1
typo75_real70,439,70,75,1,8,2,0,1
typo75_real70,440,70,75,1,5,0,1,1
typo75_real70,441,70,75,1,8,2,1,0
typo75_real70,442,70,75,1,8,4,0,0
typo75_real70,443,70,75,0,5,2,0,0
typo75_real70,445,70,75,1,5,0,1,1
typo75_real70,446,70,75,1,6,0,1,1
typo75_real70,447,70,75,1,5,2,1,1
typo75_real70,448,70,75,0,9,5,1,0
typo75_real70,449,70,75,0,1,2,1,1
typo75_real70,450,70,75,1,6,0,1,1
typo75_real70,451,70,75,1,3,1,1,1
typo75_real70,452,70,75,1,2,0,1,1
typo75_real70,453,70,75,1,8,3,1,0
typo75_real70,454,70,75,1,2,1,1,0
typo75_real70,455,70,75,1,6,2,1,1
typo75_real70,456,70,75,1,8,1,1,0
typo75_real70,457,70,75,1,2,2,0,0
typo75_real70,458,70,75,1,8,2,1,1
typo75_real70,459,70,75,1,2,1,1,1
typo75_real70,460,70,75,1,6,2,1,0
typo75_real70,461,70,75,1,8,4,1,1
typo75_real70,462,70,75,0,8,4,1,0
typo75_real70,464,70,75,1,4,0,1,1
typo75_real70,465,70,75,1,5,2,1,1
typo75_real70,466,70,75,0,6,1,1,1
typo75_real70,467,70,75,1,5,0,1,1
typo75_real70,468,70,75,1,6,0,1,1
typo75_real70,469,70,75,1,2,0,1,1
typo75_real70,470,70,75,0,8,3,1,1
typo75_real70,471,70,75,1,8,2,1,1
typo75_real70,472,70,75,0,8,1,1,1
typo75_real70,473,70,75,1,8,4,1,0
typo75_real70,474,70,75,1,6,1,1,1
typo75_real70,475,70,75,0,8,4,1,0
typo75_real70,476,70,75,1,6,2,1,0
typo75_real70,477,70,75,0,9,4,1,0
typo75_real70,478,70,75,1,8,2,1,0
typo75_real70,479,70,75,1,6,2,1,1
typo75_real70,480,70,75,0,8,4,1,0
typo75_real70,481,70,75,1,6,1,1,1
typo75_real70,482,70,75,1,5,0,1,1
typo75_real70,483,70,75,1,2,0,1,1
typo75_real70,484,70,75,1,8,4,1,1
typo75_real70,485,70,75,1,5,1,1,1
typo75_real70,486,70,75,0,8,4,1,0
typo75_real70,487,70,75,1,6,0,1,1
typo75_real70,488,70,75,1,6,0,1,1
typo75_real70,489,70,75,1,2,0,1,1
typo75_real70,490,70,75,1,2,2,0,1
typo75_real70,491,70,75,1,8,2,1,1
typo75_real70,492,70,75,1,4,0,1,1
typo75_real70,493,70,75,1,5,3,1,1
typo75_real70,494,70,75,1,5,0,1,1
typo75_real70,495,70,75,1,8,0,1,1
typo75_real70,496,70,75,1,2,1,1,1
typo75_real70,497,70,75,1,6,2,1,1
typo75_real70,498,70,75,1,8,1,1,1
typo75_real70,499,70,75,1,8,1,1,1
